gauge_id,q_mean,runoff_ratio,slope_fdc,baseflow_index,stream_elas,q5,q95,high_q_freq,high_q_dur,low_q_freq,low_q_dur,zero_q_freq,hfd_mean
1466500,0.853262,0.241046,0.969017,0.837327,0.225542,0.395636,1.637114,0.2,2.0,0.0,0.0,0.0,181.15
10244950,0.456547,0.34579,0.806192,0.834,1.466961,0.182192,1.214612,2.0,20.0,0.0,0.0,0.0,218.7
10172800,1.368262,0.703951,1.174732,0.723371,1.489173,0.375716,4.86221,6.7,4.785714,0.0,0.0,0.0,235.0
9378630,0.210643,0.133275,0.168888,0.497448,4.293214,0.0,1.338338,87.1,35.55102,277.15,108.686275,0.384394,210.45
13018300,1.000693,0.448945,0.955965,0.688058,1.406788,0.245534,3.683017,9.4,9.894737,7.35,7.736842,0.0,246.75
9066300,0.842999,0.334279,0.628997,0.467679,1.630506,0.036257,5.044486,57.55,41.107143,191.3,34.160714,0.001506,253.5
9047700,0.670295,0.330057,0.750826,0.659172,1.863735,0.166081,2.59501,12.0,12.0,1.9,5.428571,0.0,238.0
10023000,0.213161,0.137474,1.322857,0.83438,1.960735,0.035361,0.669989,3.7,10.571429,27.6,12.837209,0.0,201.05
13083000,0.247989,0.160782,0.673432,0.837022,0.76492,0.137778,0.532743,0.0,0.0,1.05,7.0,0.0,197.95
10310500,0.328793,0.223491,1.427498,0.808386,1.206247,0.069389,0.929315,0.55,2.75,13.85,10.259259,0.0,168.75
1484100,0.996853,0.300142,1.404818,0.708419,1.303015,0.152231,2.365023,2.4,1.454545,27.85,13.925,0.0,175.6
9034900,1.637315,0.633095,1.041599,0.523481,1.032943,0.109431,8.598189,57.0,26.511628,171.4,83.609756,0.0,260.85
8271000,1.128969,0.666433,1.080236,0.692206,1.657163,0.245943,4.136317,9.05,13.923077,10.75,6.71875,0.0,234.65
4105700,1.072899,0.38312,0.916275,0.814047,-0.023819,0.549007,1.871615,0.0,0.0,0.0,0.0,0.0,173.7
10249300,0.331079,0.513647,0.802938,0.630474,1.406305,0.045812,1.41336,21.95,20.904762,50.85,15.646154,0.0,222.85
9066000,1.222148,0.538535,0.47991,0.502968,1.694216,0.150977,6.869435,44.5,35.6,119.25,19.390244,0.0,245.8
9066200,1.717065,0.647893,0.858187,0.503169,1.066786,0.11701,9.391203,58.65,27.27907,180.4,40.539326,0.0,248.85
1118300,2.129575,0.546405,2.217869,0.559172,0.382857,0.059039,6.612366,3.5,1.372549,89.5,11.776316,0.0,155.4
1486000,1.254533,0.383132,1.778185,0.52055,1.517864,0.083157,4.157865,8.4,1.826087,92.55,19.082474,0.0,161.65
8267500,0.879732,0.524049,1.050582,0.692315,2.452094,0.203331,3.304122,12.2,13.555556,7.5,3.061224,0.0,234.65
9035900,1.1345,0.475192,0.717729,0.611369,1.287822,0.235118,5.206195,29.65,17.441176,14.6,16.222222,0.0,253.4
7083000,1.190175,0.571181,1.27127,0.597458,1.319386,0.120799,5.315141,37.2,13.052632,127.25,45.446429,0.0,260.4
12073500,1.69769,0.42342,0.919668,0.655809,1.62103,0.549582,4.996198,7.5,2.5,0.0,0.0,0.0,134.3
10172700,0.11813,0.085274,0.89747,0.875909,1.031798,0.04898,0.241404,1.2,2.666667,0.05,1.0,0.0,187.3
10205030,0.251824,0.152966,0.874908,0.702348,1.613689,0.079977,0.817949,6.4,7.111111,0.9,9.0,0.0,229.8
2102908,1.346296,0.401272,1.032711,0.72982,0.495562,0.44641,2.976068,1.0,1.111111,2.45,4.083333,0.0,167.2
1139800,1.811683,0.548411,1.543569,0.607173,1.747615,0.246804,5.579909,2.15,1.869565,37.25,7.163462,0.0,190.2
2235200,0.492074,0.131447,1.720737,0.656615,2.406978,0.034517,1.799799,14.75,14.75,90.1,50.055556,0.0,183.25
6311000,0.609807,0.418661,0.675098,0.518766,1.50773,0.067927,3.116657,44.0,14.666667,147.2,36.8,0.0,239.0
9065500,1.921686,0.747626,0.888422,0.529511,1.445633,0.142469,9.972807,55.55,27.775,164.1,51.28125,0.0,253.65
1542810,1.599205,0.467258,1.66786,0.386466,1.419626,0.041315,6.287088,18.55,2.348101,119.45,14.656442,0.0,157.8
8377900,0.635229,0.310958,1.150075,0.540694,1.800417,0.077429,2.727607,21.9,13.272727,74.7,12.554622,0.0,237.45
9210500,0.375007,0.2712,0.893422,0.680548,1.730503,0.092136,1.455747,13.05,10.038462,4.35,4.142857,0.0,229.4
9312600,0.273065,0.172379,0.648421,0.505896,3.585494,0.021297,1.315431,40.85,24.757576,163.0,28.347826,0.003422,217.55
3357350,1.181482,0.366902,1.408851,0.323202,1.556128,0.0,4.103933,24.65,2.088983,152.05,17.680233,0.105544,167.1
10316500,1.688926,0.763523,0.684407,0.511318,1.689118,0.109526,9.253026,65.65,41.03125,207.5,59.285714,0.0,245.85
10343500,0.952035,0.370746,0.931101,0.589456,1.888611,0.132966,4.16627,28.45,14.973684,77.4,29.207547,0.0,208.55
8269000,0.403643,0.261167,0.877477,0.624502,1.933779,0.059939,1.738242,22.85,14.741935,45.9,9.367347,0.0,220.6
6409000,0.181761,0.104855,1.291234,0.866768,1.32429,0.073875,0.393206,0.2,1.333333,0.1,1.0,0.0,205.0
10234500,0.47744,0.268353,0.853857,0.701975,1.887009,0.155226,1.541916,10.25,15.769231,0.0,0.0,0.0,233.0
9404450,0.178419,0.132117,1.227472,0.780084,1.311828,0.057056,0.405734,3.75,10.714286,0.0,0.0,0.0,161.65
12447390,1.365544,0.533608,0.878397,0.53402,0.866057,0.122118,7.108123,48.8,26.378378,146.5,33.295455,0.0,241.3
6291500,0.491118,0.31438,0.692599,0.634138,0.525626,0.112249,2.020479,16.4,9.371429,11.8,5.756098,0.0,244.65
4127997,1.07498,0.425966,0.453026,0.882037,1.126499,0.75834,1.657299,0.0,0.0,0.0,0.0,0.0,182.25
1073000,1.703194,0.486207,1.780107,0.501892,2.278789,0.065815,5.784236,7.85,2.211268,96.0,12.467532,0.0,168.75
10173450,0.413635,0.246292,0.867717,0.580574,1.815287,0.030977,1.794866,26.653649,20.5,95.463068,27.666667,0.0,229.65
6447500,0.072083,0.050156,1.244267,0.666652,1.16838,0.019239,0.192385,2.35,2.611111,5.7,10.363636,0.0,186.75
4043050,1.248434,0.602347,0.697556,0.547396,0.402167,0.287382,4.43845,13.6,4.610169,7.9,7.52381,0.0,196.65
1162500,1.835881,0.485229,1.868461,0.508575,1.153614,0.088591,6.348989,6.45,2.632653,85.15,14.191667,0.0,168.15
6622700,1.179925,0.52275,0.40743,0.483847,1.386011,0.180952,6.94064,42.9,23.833333,113.15,10.879808,0.0,242.4
10259000,0.287811,0.274548,1.032214,0.717717,0.897685,0.044661,0.806085,6.55,5.458333,27.5,13.414634,0.0,150.55
11180500,0.281479,0.189127,0.119132,0.314548,2.969277,0.0,1.408391,142.0,16.511628,267.25,53.45,0.611225,138.3
4063700,0.663597,0.288441,1.170933,0.623243,1.515744,0.168697,2.132327,4.05,5.785714,3.15,4.2,0.0,208.3
3450000,1.898413,0.463638,1.802871,0.592268,1.653875,0.173762,5.039112,2.35,1.62069,57.55,10.369369,0.0,173.05
6278300,1.259971,0.651512,0.569918,0.42705,1.553831,0.087303,7.017535,48.25,20.104167,188.8,49.684211,0.0,248.35
4057800,1.058376,0.42499,1.26956,0.552725,1.078621,0.183699,3.859791,12.85,5.14,30.05,8.838235,0.0,201.1
9223000,0.571646,0.329655,0.688272,0.54948,2.094432,0.05875,2.783287,42.25,18.369565,120.55,17.992537,0.0,235.65
4057510,0.873568,0.370732,1.308237,0.650659,1.366487,0.249013,2.607917,2.05,3.727273,0.2,4.0,0.0,191.25
3026500,1.746184,0.493333,1.902331,0.505318,1.26496,0.095165,5.541235,5.5,1.71875,74.2,11.074627,0.0,158.55
13161500,0.222197,0.162175,1.116571,0.6085,2.088587,0.014142,0.994876,44.2,18.040816,126.05,24.715686,0.0,211.8
6332515,0.041206,0.034008,0.103355,0.129602,1.502379,0.000128,0.077681,34.95,7.132653,302.55,50.008264,0.045859,193.4
12147600,9.503108,1.080827,1.656373,0.468625,0.880915,0.796479,29.435091,7.7,1.604167,66.7,11.6,0.0,144.05
6623800,1.431322,0.498984,0.607237,0.527019,1.641115,0.195559,7.725891,44.95,29.0,100.15,16.974576,0.0,247.45
1123000,1.737335,0.454295,1.808908,0.585542,0.96314,0.216845,5.028286,4.55,1.4,58.1,9.149606,0.0,159.1
14138800,6.510736,0.842296,1.818519,0.45787,1.092871,0.252817,23.557914,12.8,1.910448,107.65,24.191011,0.0,135.85
4074950,0.825172,0.347896,0.953964,0.782622,0.546631,0.381539,1.813526,0.0,0.0,0.0,0.0,0.0,199.2
9492400,0.582409,0.328068,0.987025,0.650654,1.685788,0.130894,2.234679,13.5,6.585366,8.95,4.589744,0.0,212.7
11141280,0.439204,0.233165,0.812601,0.595576,1.809469,0.054358,1.630748,19.7,7.72549,69.05,27.62,0.0,148.85
6289000,0.718148,0.417089,0.7448,0.703615,1.379313,0.24919,2.501242,8.9,7.12,1.0,1.666667,0.0,242.7
1669000,0.959165,0.300023,1.897945,0.668812,1.425873,0.068112,2.513325,2.35,1.740741,48.45,11.535714,0.003696,169.15
7301410,0.04116,0.024353,1.521156,0.661661,1.551906,0.001526,0.098541,2.5,2.0,72.1,26.703704,0.000411,179.8
12117000,5.1086,0.784869,1.617895,0.697623,1.278876,1.145554,12.819292,1.35,1.5,5.9,5.130435,0.0,143.7
10336660,2.778327,0.744624,1.558096,0.547357,1.441653,0.12315,12.807577,60.9,16.916667,178.35,69.941176,0.0,222.6
5120500,0.040408,0.030803,0.716965,0.465859,3.953147,0.0,0.200609,57.2,26.604651,211.0,50.238095,0.055168,218.6
2324400,0.455489,0.118258,1.791389,0.49936,3.093108,0.007217,2.054196,59.15,18.2,187.4,50.648649,0.0,200.45
2312200,0.39044,0.108662,0.941434,0.554751,6.240501,0.0,2.241373,80.85,50.53125,216.7,68.793651,0.125394,197.0
6221400,1.462905,0.94342,2.335132,0.633987,0.513287,0.057976,5.421804,75.9,15.489796,175.85,66.358491,0.0,278.95
1487000,1.304607,0.390713,1.667765,0.744017,1.317448,0.274148,3.067847,0.8,1.333333,12.25,6.805556,0.0,173.35
11284400,0.531312,0.188246,0.501697,0.264293,2.30931,0.0,2.052496,100.45,22.573034,249.4,55.422222,0.365777,146.2
6632400,1.101506,0.490343,0.454244,0.465671,1.361311,0.11408,6.634679,51.1,30.058824,193.2,28.20438,0.0,246.45
6037500,1.111145,0.461856,0.568736,0.881091,0.806472,0.764657,2.115405,0.0,0.0,0.0,0.0,0.0,211.3
1613050,1.238652,0.401052,1.694799,0.418223,2.081063,0.009646,4.99838,25.45,3.221519,139.15,17.39375,0.010404,163.8
10258000,0.282084,0.256122,0.926413,0.614251,1.631062,0.0,1.567959,60.55,29.536585,204.9,66.096774,0.281862,176.7
2310947,0.45164,0.120091,1.170247,0.482623,5.061899,0.0,2.60944,96.1,34.945455,213.05,83.54902,0.183984,222.5
2381600,3.6956,0.865166,1.282992,0.621848,1.846121,0.426728,9.719922,4.75,1.557377,36.5,9.012346,0.0,171.7
11475560,3.644829,0.70553,1.3084,0.442188,1.415628,0.102001,15.70821,48.95,8.981651,178.15,47.506667,0.0,136.25
14158500,4.472458,0.771348,1.279542,0.820739,1.102299,1.774975,9.553904,0.0,0.0,0.0,0.0,0.0,183.45
11253310,0.066322,0.056492,0.464076,0.376217,2.755743,0.0,0.264077,139.4,41.61194,250.15,80.693548,0.471184,151.05
1142500,1.723016,0.519815,1.466223,0.571788,1.506497,0.178647,5.359421,5.75,2.12963,41.5,9.325843,0.0,181.15
4124000,1.15752,0.467783,0.491013,0.886909,0.413931,0.823293,1.821058,0.0,0.0,0.0,0.0,0.0,183.55
11230500,1.719287,0.851821,1.145416,0.5809,1.060307,0.102896,7.895906,35.4,10.892308,116.0,24.946237,0.0,244.0
1485500,0.917682,0.283185,1.826515,0.476673,1.743402,0.034571,3.266941,12.35,2.806818,106.85,15.264286,0.0,160.05
6339100,0.051601,0.044654,0.328551,0.163825,2.62418,0.0,0.124839,36.35,8.759036,261.3,40.828125,0.06037,189.1
8378500,0.587627,0.300371,1.162534,0.611704,1.781633,0.10447,2.352223,17.35,13.346154,29.5,7.662338,0.0,232.65
4296000,1.838227,0.508458,1.441415,0.522731,1.461478,0.291461,6.306901,6.2,2.755556,30.9,8.828571,0.0,181.4
1658500,0.956239,0.29714,1.282838,0.37539,1.903958,0.013915,3.289088,17.65,1.476987,125.75,12.033493,0.009719,162.7
6431500,0.376538,0.191605,1.060312,0.880857,1.219152,0.194764,0.65876,0.35,2.333333,0.0,0.0,0.0,202.55
6344600,0.051664,0.045442,0.288788,0.163255,2.42997,0.0,0.121569,39.5,9.404762,266.45,39.768657,0.108966,196.75
14158790,5.184503,0.853038,2.29111,0.526837,1.409138,0.23519,17.488462,8.65,2.217949,118.9,44.037037,0.0,155.75
5393500,0.985497,0.412614,1.092066,0.409539,1.73902,0.08213,4.115361,26.15,4.547826,98.75,16.056911,0.0,203.8
1333000,2.06809,0.558243,1.56615,0.552807,1.580211,0.218133,6.631232,4.6,1.508197,50.6,10.019802,0.0,165.9
12115500,6.79808,0.949405,1.821825,0.530137,1.234609,0.591913,20.012311,4.95,1.706897,75.85,15.802083,0.0,144.6
10396000,0.554649,0.355467,1.061477,0.657176,1.494743,0.13415,1.946565,14.5,4.603175,9.05,3.693878,0.0,219.55
11274630,0.103055,0.081833,0.575711,0.361505,4.218504,0.0,0.40463,144.85,61.638298,242.6,85.122807,0.428611,146.7
3076600,1.779246,0.486973,1.79888,0.497186,1.485533,0.104085,6.375691,9.95,1.95098,96.0,11.779141,0.0,162.45
9081600,1.640918,0.612676,1.116771,0.607648,1.515937,0.226069,7.290726,39.05,15.938776,88.4,12.905109,0.0,249.45
8324000,0.141263,0.092233,0.695164,0.640325,0.883593,0.028356,0.591415,19.9,9.707317,15.0,3.797468,0.0,200.25
10242000,0.405115,0.354601,0.701544,0.572982,1.704902,0.082064,1.570948,22.05,10.255814,16.1,6.44,0.0,220.9
5123400,0.053758,0.039753,0.516183,0.435889,5.463438,0.0,0.322028,157.35,92.558824,247.05,93.226415,0.476112,233.3
11237500,1.878415,0.641425,1.095254,0.487675,1.654297,0.007771,9.603075,85.45,37.152174,212.3,67.396825,0.000274,220.0
1545600,1.517911,0.448479,1.750192,0.514876,1.069583,0.065242,5.072567,6.85,2.634615,84.6,17.443299,0.0,164.35
6224000,1.346474,0.910373,1.782912,0.60444,0.886555,0.080735,5.651455,50.05,16.409836,157.05,46.880597,0.0,265.2
3011800,1.931475,0.538101,1.840614,0.548835,1.742133,0.180866,5.812145,3.5,1.521739,62.45,11.354545,0.0,155.6
5087500,0.333378,0.203683,0.736573,0.30275,2.370859,0.000122,1.628824,75.75,18.9375,224.8,67.104478,0.048323,228.25
1134500,2.077579,0.599173,1.408166,0.487598,1.107875,0.238225,7.096611,9.05,2.154762,46.15,6.88806,0.0,187.55
4040500,1.07219,0.439473,1.235266,0.504176,2.124905,0.104896,4.258765,16.85,6.127273,57.35,13.987805,0.0,199.3
3460000,2.182169,0.488063,1.283883,0.687018,1.51765,0.520056,5.258346,1.8,1.384615,12.2,7.870968,0.0,169.55
7208500,0.214324,0.129214,0.912485,0.616964,2.645597,0.033805,0.799032,17.1,13.153846,31.75,5.990566,0.0,215.75
1414500,2.239578,0.562712,1.746363,0.530299,1.161063,0.163232,6.711475,5.45,1.703125,59.55,13.087912,0.0,159.65
8380500,0.285584,0.163351,1.192768,0.553972,2.137646,0.034588,1.035156,15.45,5.618182,60.15,12.27551,0.0,230.4
2300700,1.507616,0.386916,0.799178,0.362892,1.949837,0.08946,4.970021,17.6,2.885246,82.3,9.247191,0.001095,245.85
6464500,0.084502,0.054643,1.264539,0.630291,1.908287,0.015952,0.256073,7.95,4.818182,22.2,16.444444,0.0,196.0
11224500,0.064715,0.049511,0.254644,0.340042,4.213571,0.0,0.276851,147.65,59.06,273.7,81.701493,0.474606,155.2
1557500,1.599418,0.507253,1.768912,0.53044,1.624764,0.12095,5.495777,7.8,1.902439,87.5,13.257576,0.0,165.2
14141500,5.60444,0.757047,1.988592,0.562321,0.829073,0.531242,17.612729,3.15,1.575,84.6,18.193548,0.0,135.3
4122200,1.054248,0.399502,0.898938,0.828458,0.208668,0.567137,2.023487,0.0,0.0,0.0,0.0,0.0,175.5
1516500,1.029183,0.323374,1.62471,0.416854,1.201384,0.023316,3.575047,15.75,2.142857,122.15,14.121387,0.0,158.45
1121000,1.958341,0.526494,1.940049,0.536306,1.166044,0.080101,6.025019,5.9,1.475,85.0,9.883721,0.0,156.35
2349900,0.821029,0.242086,1.447793,0.46582,1.846555,0.059736,2.923067,22.6,2.897436,135.35,17.025157,0.0,161.1
12390700,1.131199,0.372709,1.519224,0.652728,1.716313,0.1769,4.123845,13.4,6.7,58.3,36.4375,0.0,216.25
9352900,1.842552,0.729914,1.582532,0.597099,1.433802,0.208053,7.435301,19.2,6.095238,94.65,23.37037,0.0,244.0
4197100,0.928911,0.336742,1.089631,0.274611,1.409953,0.006932,4.638416,44.25,3.339623,167.35,16.569307,0.0,159.9
1078000,1.755803,0.492803,1.499491,0.491189,1.526654,0.145171,6.61629,12.05,3.050633,69.55,12.419643,0.0,180.7
3049800,1.077025,0.355803,1.756742,0.42467,2.125872,0.042721,3.779129,15.7,1.857988,117.75,8.037543,0.0,165.1
1415000,1.809878,0.479676,1.769991,0.50984,1.26267,0.102857,5.657152,5.6,1.931034,76.35,11.568182,0.0,160.85
1139000,1.697473,0.541537,1.507105,0.57217,2.162962,0.268167,5.343473,4.15,1.693878,35.15,6.632075,0.0,183.4
12488500,2.721311,0.573393,1.747997,0.635058,1.367065,0.429287,9.09372,6.15,4.1,47.5,17.592593,0.0,218.0
13011500,1.627309,0.668579,0.484815,0.518726,1.491635,0.19375,8.779288,48.65,24.948718,132.35,16.54375,0.0,239.4
4122500,1.084942,0.415061,0.849741,0.839462,0.139151,0.597404,2.032832,0.0,0.0,0.0,0.0,0.0,177.8
13331500,1.742409,0.633163,1.551205,0.622529,1.118655,0.237175,6.561833,17.7,6.321429,67.45,10.067164,0.0,233.4
3504000,3.682262,0.657177,1.391958,0.720317,1.873374,0.85481,8.384414,0.6,1.090909,9.8,8.166667,0.0,165.6
12145500,3.902001,0.682938,1.80427,0.516595,1.33341,0.340749,13.283003,8.4,1.909091,96.85,17.609091,0.0,121.7
3028000,1.980925,0.571807,1.835191,0.518664,1.803059,0.167043,6.311196,4.7,1.773585,71.0,9.16129,0.0,158.65
1549500,1.511147,0.453495,1.660702,0.471684,1.00829,0.05772,5.064303,11.4,2.375,94.2,13.083333,0.0,154.6
14020000,1.643895,0.623462,2.139854,0.610046,1.147342,0.286627,5.453077,9.6,3.0,68.4,19.0,0.0,180.05
10258500,0.047011,0.057129,0.0,0.298106,1.66958,0.0,0.141825,121.9,38.09375,295.45,92.328125,0.666256,142.352941
1567500,1.296614,0.403573,1.460069,0.553409,1.645362,0.220867,3.975606,8.55,1.8,41.25,7.568807,0.0,162.85
5057200,0.063088,0.043456,0.790822,0.393806,3.011542,0.000606,0.241133,43.4,17.019608,200.35,45.022472,0.021629,207.95
13313000,1.413739,0.389408,0.755911,0.573368,1.430265,0.235105,6.391381,39.0,18.571429,51.6,6.745098,0.0,236.85
13011900,1.469536,0.61659,0.799578,0.615791,1.294477,0.287224,6.548711,29.5,11.132075,24.4,3.753846,0.0,254.3
4233000,1.171887,0.408264,1.65217,0.553734,1.136117,0.125124,3.460879,6.05,1.779412,63.75,8.614865,0.0,167.05
5454000,0.767956,0.279561,1.506135,0.448067,2.538913,0.004865,2.544618,17.05,2.351724,127.3,19.0,0.012868,209.6
10259200,0.062949,0.095763,0.148857,0.270435,1.570995,0.0,0.166981,127.0,49.803922,288.95,115.58,0.496509,168.789474
14138900,8.045372,0.900243,1.642391,0.557561,1.069642,1.241344,25.819949,5.6,1.647059,57.55,14.036585,0.0,133.15
1439500,2.027364,0.550427,1.673747,0.584467,1.160537,0.119977,5.854889,3.25,2.321429,56.75,15.985915,0.0,156.1
10263500,0.761293,0.575706,0.933561,0.671348,1.741051,0.065835,3.332873,26.6,15.647059,102.95,34.898305,0.0,171.55
5056000,0.058622,0.045068,1.196534,0.452931,2.186267,0.001006,0.226843,40.9,15.433962,178.6,47.626667,0.0,217.6
4059500,0.659664,0.302179,1.344446,0.5272,1.832752,0.070234,2.602806,16.85,8.868421,67.9,25.148148,0.0,200.4
13023000,1.242943,0.527242,1.134504,0.707864,1.173679,0.315842,4.295452,6.7,6.7,0.75,1.5,0.0,239.55
10329500,0.181439,0.133455,0.863042,0.606473,2.138848,0.029067,0.774042,30.3,11.433962,65.15,16.922078,0.0,203.85
1552500,1.982566,0.547204,1.603361,0.484828,1.182489,0.108934,6.092231,6.9,1.550562,72.55,10.29078,0.0,149.15
3500240,2.313884,0.459279,1.383909,0.705216,1.824594,0.519977,5.682845,1.45,1.318182,11.1,10.571429,0.0,166.85
1451800,1.759909,0.502371,1.581601,0.477158,1.548397,0.135441,5.903912,10.0,2.0,73.35,9.16875,0.0,153.5
2149000,1.519838,0.397697,1.220413,0.699589,2.35148,0.360055,3.684566,2.55,1.159091,9.9,7.615385,0.0,173.6
4045500,1.080909,0.421555,1.273806,0.641212,0.874036,0.288271,3.479752,2.0,8.0,3.2,10.666667,0.0,191.7
5593900,0.827437,0.289131,0.689944,0.185274,3.663357,0.0,3.565995,44.5,2.996633,219.1,17.117188,0.051335,174.95
2143040,1.682994,0.41598,1.391523,0.599046,2.08702,0.253932,4.813659,5.65,1.284091,36.45,9.72,0.0,166.75
14166500,2.377269,0.470724,1.844865,0.545077,2.06753,0.118808,9.647189,22.3,4.372549,131.1,32.37037,0.0,130.9
3237280,1.129411,0.320096,2.03804,0.356306,2.547425,0.0,4.217466,37.95,2.653846,174.0,19.772727,0.0705,166.2
1547700,1.347965,0.429971,1.840775,0.442897,2.384804,0.038787,4.826783,15.45,2.834862,116.05,14.152439,0.0,158.65
6477500,0.066567,0.039623,0.200061,0.267755,3.528987,1.6e-05,0.30088,88.65,31.660714,272.1,98.945455,0.031211,225.35
12178100,6.263014,1.027511,1.579924,0.617977,0.985291,1.404464,16.291777,1.8,1.5,9.2,6.344828,0.0,203.1
1596500,1.536612,0.463636,1.819223,0.441482,1.855214,0.047106,6.214086,17.75,2.465278,118.7,14.930818,0.0,162.4
5444000,0.82618,0.29442,1.120666,0.669731,1.873746,0.182022,2.007447,4.45,1.508475,11.7,8.666667,0.0,199.5
12114500,5.760604,0.795457,1.91425,0.595705,1.076141,0.771906,16.643771,2.6,1.677419,62.05,17.985507,0.0,170.55
11098000,0.660348,0.335934,0.664396,0.401117,2.032558,0.005415,2.530737,44.95,12.842857,213.45,52.703704,0.002875,147.35
2055100,0.98135,0.321098,1.830558,0.620299,1.577637,0.120166,2.723758,5.9,1.616438,46.55,12.413333,0.0,171.1
3241500,1.040749,0.338989,1.625533,0.458743,2.594083,0.060123,3.76198,13.35,2.069767,104.05,19.632075,0.0,174.9
2038850,0.887959,0.281926,1.290352,0.580267,2.186115,0.081404,2.557784,6.65,1.445652,43.15,12.507246,0.0,165.35
12048000,2.33486,0.488963,1.442567,0.679331,0.92818,0.628241,5.871636,1.15,1.15,1.85,5.285714,0.0,187.75
3078000,1.902593,0.54217,1.954632,0.499639,1.852243,0.078785,6.575513,8.55,1.568807,100.3,12.157576,0.0,160.15
4256000,2.267776,0.622837,1.336099,0.537304,1.260415,0.389431,7.340253,5.35,1.698413,27.35,7.704225,0.0,170.85
11476600,3.575647,0.739659,1.416918,0.445604,1.548019,0.023836,16.548862,58.9,11.326923,185.65,52.295775,0.0,132.75
1187300,2.002281,0.506829,1.57942,0.444723,0.66668,0.063524,6.851501,11.8,1.616438,92.3,11.395062,0.0,158.65
3471500,1.320338,0.386908,1.643507,0.630658,1.451605,0.283969,3.555782,3.6,1.6,5.6,6.588235,0.0,174.8
2212600,0.739886,0.219429,1.226147,0.355084,2.032106,0.003514,2.863623,25.95,2.55665,148.1,19.746667,0.014921,158.45
4196800,0.909436,0.340026,1.179781,0.265576,2.887291,0.003549,4.546566,49.85,3.972112,180.55,18.237374,0.0,166.25
1365000,2.719211,0.645673,1.560803,0.554875,1.309946,0.270286,8.005366,5.3,1.558824,47.6,10.818182,0.0,165.75
1491000,1.22952,0.372009,1.693093,0.55654,1.342325,0.10053,3.929064,6.3,2.0,77.95,14.045045,0.0,173.05
2017500,1.16911,0.386445,1.928962,0.511085,1.648595,0.08771,4.144516,14.5,2.566372,119.65,19.614754,0.0,171.4
6468170,0.076612,0.058583,0.437508,0.34176,2.462769,0.0,0.360572,84.9,35.375,250.5,100.2,0.102943,217.3
4185000,0.909733,0.351522,1.562498,0.429136,1.583625,0.041389,3.743445,24.6,5.178947,114.4,18.451613,0.0,163.5
3291780,1.510603,0.416831,1.243982,0.262182,1.409195,0.0,6.715149,33.55,1.874302,167.3,13.437751,0.073101,166.25
3368000,1.417023,0.40383,0.862611,0.20638,0.523777,0.0,5.927101,40.05,2.07513,194.85,12.861386,0.063655,168.05
5057000,0.072715,0.053863,1.304323,0.503921,2.219447,0.002775,0.293236,29.5,16.857143,143.4,37.246753,0.000411,216.7
3140000,0.948224,0.325506,1.84492,0.43938,2.848067,0.021979,3.338611,15.9,1.827586,120.95,11.147465,0.0,166.6
2112360,1.431191,0.416001,1.110225,0.753729,1.661488,0.440932,3.062688,1.35,1.038462,4.4,6.769231,0.0,177.85
2178400,2.865731,0.549718,1.299695,0.722337,2.050193,0.71159,6.624255,0.85,1.133333,7.5,6.521739,0.0,169.8
12115000,5.862041,0.813411,1.882323,0.589704,1.102682,0.713981,16.183574,2.95,1.735294,63.85,17.985915,0.0,161.05
1620500,1.63258,0.480366,1.492079,0.414733,1.983935,0.03992,5.46843,14.85,2.724771,116.9,32.472222,0.0,172.05
1057000,1.823551,0.510727,1.533232,0.474677,1.280681,0.078169,6.866097,13.85,2.429825,82.95,13.825,0.0,178.05
11124500,0.360269,0.175554,0.722059,0.4355,1.783523,0.0,1.520168,64.85,21.983051,227.45,74.57377,0.262423,149.25
11176400,0.256929,0.174046,0.426154,0.286167,2.821361,0.0,1.06951,108.2,28.473684,257.55,66.896104,0.420397,139.7
2077200,0.914962,0.279088,1.404977,0.343001,0.867385,0.0,3.076063,22.85,2.125581,148.05,17.115607,0.062423,161.45
11143000,2.022256,0.712873,1.063882,0.532805,1.898954,0.150109,8.637359,35.6,8.376471,124.5,27.065217,0.0,144.6
6280300,1.179793,0.604356,0.949788,0.609808,1.37519,0.197218,4.992068,28.55,10.196429,56.65,6.744048,0.0,257.85
2296500,0.705924,0.191814,1.232226,0.438323,3.754852,0.009936,3.312151,59.9,14.975,185.05,38.552083,0.0,252.1
12025700,4.835437,0.949755,1.810792,0.550484,0.925136,0.497368,17.095239,8.15,2.0375,91.9,24.837838,0.0,125.9
1022500,2.173062,0.602269,1.77628,0.554478,1.702782,0.204734,7.123049,3.9,2.294118,65.15,17.144737,0.0,166.25
12095000,2.658636,0.582939,1.607264,0.604888,1.103443,0.439775,7.167145,3.0,1.935484,41.3,9.386364,0.0,144.95
13235000,1.659956,0.646655,1.062178,0.700849,1.298638,0.487956,5.783966,9.1,9.1,0.55,2.2,0.0,234.7
3165000,1.678934,0.457288,1.082308,0.699827,1.729931,0.527693,3.693849,2.9,1.183673,0.7,7.0,0.0,172.1
14187000,3.480939,0.649903,2.276051,0.522205,1.622396,0.116201,12.669539,13.05,2.71875,123.8,32.578947,0.0,135.0
6043500,0.938994,0.427139,0.759609,0.678758,0.97586,0.276916,3.586062,10.9,6.228571,0.05,1.0,0.0,246.25
6803510,0.273279,0.129828,0.718467,0.409176,1.834877,0.043195,0.518342,8.95,1.657407,40.0,6.349206,0.0,219.7
12147500,8.301802,1.038589,1.414773,0.627931,0.723173,1.379156,20.706366,1.9,1.151515,31.45,10.483333,0.0,140.7
2299950,1.189068,0.30006,1.001783,0.353297,1.473667,0.05756,5.430283,39.3,4.115183,156.85,16.865591,0.0,263.75
2327100,1.55017,0.371886,1.764021,0.338497,2.079626,0.016243,6.432277,40.9,7.175439,169.2,26.4375,0.0,198.25
11264500,1.940977,0.73511,1.621302,0.564777,1.260407,0.034504,9.096631,41.85,12.492537,149.3,47.396825,0.0,232.3
1510000,1.900061,0.548787,1.762527,0.504189,1.321721,0.127762,6.311435,9.2,2.021978,79.1,16.652632,0.0,164.0
11481200,2.958831,0.678144,1.545245,0.443372,1.435321,0.090528,12.692481,39.65,4.005051,161.0,32.525253,0.0,132.8
1170100,2.171761,0.557636,1.595363,0.536997,1.433915,0.210379,7.203209,6.7,1.696203,62.15,9.207407,0.0,174.25
1440000,1.797091,0.506238,1.648028,0.589172,0.95312,0.16046,5.219322,3.6,1.636364,56.4,15.887324,0.0,159.85
11162500,0.882343,0.327767,0.756343,0.400733,2.334437,0.024698,3.844707,45.2,9.22449,196.15,35.663636,0.0,136.9
3066000,2.430374,0.581602,1.834766,0.479959,1.275785,0.14276,8.445896,6.211198,1.787879,78.79799,10.692857,0.0,161.947368
2152100,1.302559,0.345189,1.175151,0.654845,2.619208,0.252566,3.340186,4.1,1.261538,18.35,7.057692,0.0,172.8
13240000,2.579808,0.79202,0.915443,0.53089,1.273825,0.194838,12.956699,54.1,14.821918,148.85,21.729927,0.0,235.4
9430600,0.390909,0.246025,1.065152,0.419681,2.709749,0.0,1.669404,53.25,12.383721,187.75,22.620482,0.091581,181.35
12054000,5.9004,1.03249,1.449134,0.600843,1.078078,0.940552,16.388408,3.25,1.413043,35.55,13.166667,0.0,150.25
2046000,0.856972,0.262162,1.679152,0.442151,2.297505,0.015264,3.059491,15.75,2.423077,122.95,19.830645,0.000411,164.9
7142300,0.019338,0.010703,1.959085,0.612135,2.780577,0.0,0.048395,7.55,3.282609,122.95,39.031746,0.132786,204.1
7195800,1.011695,0.288715,0.862588,0.529321,2.132385,0.185589,2.87983,8.65,2.982759,21.3,7.344828,0.002738,179.9
1052500,2.405105,0.644652,1.301062,0.4597,1.025555,0.305965,8.669019,14.1,2.517857,58.9,7.31677,0.0,197.2
1137500,2.379463,0.597226,1.390544,0.54171,1.406601,0.481715,7.501904,8.25,1.617647,17.3,7.061224,0.0,189.15
11274500,0.127311,0.105525,0.0,0.230284,3.717805,0.0,0.415091,103.65,74.035714,293.85,150.692308,0.716222,144.473684
3455500,3.300741,0.569036,1.323965,0.626332,1.53017,0.603679,8.64602,3.55,1.245614,21.55,7.696429,0.0,164.2
2125000,0.961206,0.297263,1.093865,0.27195,3.541405,0.0,3.652515,38.85,2.707317,184.55,18.736041,0.062834,153.0
11151300,0.065998,0.049519,0.375664,0.292396,2.527362,0.000129,0.21319,48.55,10.788889,254.45,57.179775,0.01191,137.25
2297310,0.926554,0.241186,1.15091,0.423763,3.09362,0.012502,4.021908,52.4,12.626506,182.6,31.482759,0.005202,268.0
1632900,0.799203,0.274819,1.476377,0.592229,2.658133,0.119808,2.416124,8.1,1.883721,46.1,11.525,0.0,172.5
5593575,0.875231,0.295245,0.412505,0.134469,2.159504,0.003372,4.495935,58.4,2.994872,250.95,13.826446,0.005339,173.65
3500000,2.502089,0.48163,1.329172,0.731154,1.890912,0.596164,5.826148,0.7,1.272727,7.9,6.869565,0.0,168.8
2481000,1.8886,0.394145,1.323072,0.326058,1.830671,0.047119,7.967102,27.45,2.418502,144.45,13.191781,0.0,165.15
2053800,0.968322,0.299971,1.554627,0.599848,1.865157,0.156876,2.605892,5.8,1.757576,34.4,8.6,0.0,175.5
9480000,0.032469,0.022747,0.535046,0.321295,0.84378,0.0,0.080261,29.6,7.789474,191.3,30.608,0.058316,212.3
3187500,2.650263,0.641024,1.901713,0.470847,1.161447,0.076673,8.894065,5.9,1.340909,87.6,11.159236,0.0,160.3
7346045,0.900645,0.251435,2.135349,0.492232,2.687698,0.0,3.461282,18.8,5.69697,132.7,31.223529,0.052841,159.3
1440400,2.069011,0.551244,1.587846,0.562587,1.147147,0.195491,6.130053,4.45,1.854167,59.85,14.9625,0.0,156.1
3456500,2.598693,0.542821,1.389791,0.636631,1.996365,0.440065,6.747656,3.3,1.434783,26.65,8.737705,0.0,167.3
3439000,3.163232,0.568858,1.180605,0.720916,1.375628,0.876369,7.199918,1.35,1.227273,2.15,6.142857,0.0,168.95
5556500,0.856223,0.307647,1.765737,0.481961,2.743084,0.017922,2.966368,12.7,2.419048,118.9,24.770833,0.0,198.6
1580000,1.3053,0.380362,1.231863,0.715801,1.106159,0.350412,3.023554,2.3,1.210526,6.6,12.0,0.0,171.95
2065500,0.936285,0.298859,1.254,0.615706,1.732537,0.164668,2.363467,5.4,1.770492,21.9,12.166667,0.000137,167.9
6453600,0.117706,0.068527,1.408744,0.495839,3.398039,0.001164,0.420294,20.65,5.657534,127.3,38.0,0.009993,213.35
12144000,6.442571,0.893444,1.555454,0.649029,0.997027,1.374023,15.952637,1.85,1.48,12.9,8.896552,0.0,162.2
12010000,7.19687,0.907785,1.767878,0.504303,1.19131,0.49902,26.843845,13.8,2.37931,104.85,23.3,0.0,113.05
6339500,0.040497,0.035637,0.415622,0.249938,2.56785,0.000511,0.131144,35.75,8.9375,223.3,38.834783,0.002738,198.15
12025000,3.191926,0.677982,1.971278,0.538073,1.22636,0.235654,11.480597,11.95,2.39,110.95,25.802326,0.0,122.3
3159540,1.098823,0.349307,1.542482,0.343457,1.716372,0.010376,4.619105,27.15,2.072519,151.55,15.00495,0.003422,162.2
6853800,0.105075,0.053999,1.244933,0.402947,2.549376,0.000166,0.261497,21.2,4.510638,165.15,33.363636,0.035181,217.1
9505200,0.244037,0.145659,0.106343,0.407459,1.890732,0.050528,1.032823,27.95,6.425287,9.65,12.866667,0.0,167.15
2314500,0.597203,0.163531,1.949279,0.585453,2.392996,0.008837,2.363983,25.75,22.391304,142.65,66.348837,0.0,180.9
6450500,0.098504,0.066945,1.025188,0.715383,1.457848,0.03392,0.226134,2.1,1.826087,0.55,1.375,0.0,188.35
3384450,1.333124,0.3633,1.155992,0.268367,2.89768,0.00044,5.459828,43.75,2.887789,190.3,22.790419,0.041889,156.75
2118500,1.135589,0.324666,1.141002,0.651345,2.453591,0.244334,2.820834,4.35,1.380952,14.45,7.810811,0.0,172.3
3364500,1.203781,0.359483,1.402741,0.350016,1.805826,0.001651,4.536314,21.5,1.945701,133.25,19.172662,0.037098,169.5
14309500,2.4577,0.493734,1.68989,0.459455,1.220096,0.057651,10.203129,41.1,4.835294,165.55,41.911392,0.0,125.55
2014000,1.065665,0.341059,1.735839,0.542675,1.70538,0.14182,3.366677,9.3,2.214286,75.1,12.112903,0.0,173.0
3280700,1.330014,0.333289,1.691096,0.411989,2.071707,0.04175,4.592548,17.45,2.208861,130.9,10.642276,0.0,165.65
6404000,0.160844,0.104388,1.214348,0.488509,4.076702,0.000645,0.560764,22.65,7.42623,138.1,21.410853,0.038741,228.05
5466500,0.822519,0.301242,1.612411,0.523851,2.058313,0.048865,3.123098,16.5,3.235294,101.95,21.020619,0.0,201.75
2053200,0.858214,0.257418,1.938923,0.38927,2.290285,0.009641,3.478341,34.15,6.696078,154.25,21.725352,0.0,174.95
2479155,1.500288,0.338751,1.259885,0.389459,1.783361,0.133663,5.203963,19.5,2.0,108.95,10.327014,0.0,156.7
6876700,0.159939,0.0778,0.636229,0.347243,3.671326,0.001899,0.574335,33.3,7.010526,187.6,27.792593,0.0,227.55
8066300,0.927332,0.233218,1.104691,0.427237,2.501158,0.102055,3.749243,23.9,4.016807,104.6,15.15942,0.0,146.0
7149000,0.18495,0.093607,0.909769,0.592456,1.806416,0.014949,0.526432,7.65,2.15493,47.8,18.037736,0.00219,194.55
12013500,4.651822,0.676635,1.942768,0.500324,1.392237,0.202861,17.895234,16.45,2.990909,127.45,32.265823,0.0,115.85
5062500,0.336318,0.17831,1.35541,0.579243,2.115157,0.022361,1.209541,13.203615,8.0,73.070005,39.486486,0.0,218.4
3144000,1.10331,0.36843,1.682641,0.425829,2.256627,0.055205,4.004356,17.35,1.938547,118.6,14.552147,0.0,174.9
4213000,1.639385,0.503043,1.628958,0.373443,1.264458,0.044063,6.98561,23.05,2.058036,128.85,14.982558,0.0,145.3
3049000,1.277236,0.387928,1.836545,0.476525,1.231362,0.067818,4.49241,9.95,1.809091,97.45,11.812121,0.0,159.05
12092000,5.41986,0.74505,1.186867,0.694987,0.477866,1.899326,11.375642,0.6,1.333333,0.65,2.6,0.0,195.55
9484000,0.479877,0.306728,0.652859,0.285504,1.993416,0.0,2.100774,98.45,12.703226,236.55,29.02454,0.321424,196.55
5408000,0.673445,0.270849,0.654786,0.76791,0.385612,0.354921,1.308948,1.55,1.291667,0.0,0.0,0.0,200.1
6350000,0.044803,0.041563,0.341745,0.252461,1.861888,0.001532,0.101054,27.85,10.711538,223.95,46.65625,0.001369,201.8
13338500,0.726262,0.312258,1.537814,0.652414,1.618504,0.113155,2.562155,13.75,6.395349,48.1,7.950413,0.0,219.65
8109700,0.296239,0.112304,0.512732,0.24724,2.98744,0.0,1.085888,33.5,5.275591,204.9,21.568421,0.076386,152.5
2070000,1.157907,0.350843,1.01741,0.682371,1.909148,0.334516,2.70144,3.85,1.222222,7.6,10.857143,0.0,177.5
7299670,0.101726,0.05738,0.703856,0.454826,1.754611,0.02162,0.156536,7.0,2.028986,16.15,11.962963,0.0,216.15
2245500,0.889769,0.236893,1.171785,0.443287,2.201206,0.084261,3.117641,15.3,3.029703,79.55,12.527559,0.0,210.2
4056500,1.101841,0.459863,1.050672,0.714606,1.023995,0.382863,2.956597,0.6,6.0,0.0,0.0,0.0,189.6
12175500,5.718302,1.046972,2.073894,0.671256,0.456283,1.125807,15.082242,0.65,1.181818,19.35,7.74,0.0,251.2
1055000,2.279897,0.652484,1.349312,0.438132,1.366587,0.185465,8.441584,16.25,2.056962,83.6,8.941176,0.0,186.05
3015500,2.048934,0.569292,1.728866,0.484368,1.478056,0.180801,7.169681,7.85,2.093333,76.9,12.304,0.0,148.65
9497980,0.133707,0.08139,0.321877,0.406599,2.400252,0.013729,0.462994,29.65,7.701299,157.45,20.993333,0.0,163.95
3488000,1.231176,0.376022,1.777133,0.530133,1.841591,0.135401,3.896174,7.85,1.744444,78.9,15.028571,0.0,166.4
1544500,1.634217,0.485865,1.763243,0.485231,1.039989,0.075797,5.65029,8.45,2.315068,91.15,15.319328,0.0,160.6
2081500,0.842319,0.25786,1.294463,0.320793,1.351502,0.004683,3.220065,28.55,2.187739,157.4,17.586592,0.006571,159.7
1013500,1.699155,0.543437,1.528219,0.585226,1.845324,0.241106,6.373021,6.1,8.714286,41.35,20.170732,0.0,207.25
2369800,1.55132,0.335796,1.323376,0.542232,1.444545,0.314008,4.213302,5.7,2.0,15.9,6.913043,0.0,169.25
6352000,0.052165,0.04761,0.364716,0.236326,1.940235,0.000407,0.135748,38.05,15.854167,253.65,58.988372,0.020945,198.5
9497800,0.136498,0.08938,0.506357,0.543237,2.265714,0.02737,0.423587,14.3,3.25,17.8,11.866667,0.0,190.0
2111500,1.368028,0.381828,1.252446,0.724851,2.074367,0.366473,3.088846,1.8,1.125,5.0,10.0,0.0,176.0
2074500,0.967302,0.295725,0.9563,0.587705,3.563781,0.220466,2.235183,6.3,1.3125,12.25,8.75,0.0,172.5
6188000,1.350247,0.599379,0.675919,0.522507,1.313038,0.127258,6.657002,58.25,25.326087,177.05,35.059406,0.0,244.3
2246000,0.954112,0.257644,1.188667,0.415783,2.255312,0.065089,3.296742,16.8,3.692308,87.9,13.119403,0.0,200.8
2450250,1.752473,0.397427,1.562789,0.37348,1.404334,0.040103,6.659143,26.95,2.49537,157.75,20.095541,0.0,143.75
5362000,0.826513,0.35044,1.129386,0.417671,1.255497,0.074526,3.395054,25.35,5.393617,100.25,16.570248,0.0,201.75
9494000,0.248716,0.145504,0.988595,0.631232,2.303598,0.025544,1.004938,27.7,9.081967,70.75,11.41129,0.0,197.5
2069700,1.31641,0.373703,1.247963,0.715195,1.815425,0.365111,3.097911,2.2,1.189189,4.4,5.5,0.0,178.85
7373000,1.170816,0.275909,0.965425,0.466626,1.564381,0.205156,3.450347,13.101794,1.712418,25.403478,7.69697,0.0,148.95
5291000,0.218208,0.125753,0.778985,0.414744,3.15775,0.007713,0.852158,32.8,8.746667,153.0,32.210526,0.0,209.45
12411000,1.90886,0.560409,1.650493,0.572052,1.443502,0.219985,7.389252,20.25,5.25974,107.55,21.51,0.0,191.45
6406000,0.115859,0.081125,2.082473,0.700473,3.083834,0.008971,0.325208,12.35,9.148148,107.65,32.134328,0.0,214.65
2415000,1.474157,0.363529,1.535234,0.559165,2.059008,0.09958,4.600586,7.4,1.525773,73.6,13.886792,0.0,162.85
5458000,0.732935,0.285424,1.328289,0.495878,1.465315,0.075593,2.512846,16.15,3.629213,78.3,14.236364,0.0,224.4
7196900,1.202811,0.324763,1.477917,0.371447,1.511032,0.017484,4.021264,23.2,2.331658,150.15,21.297872,0.006845,171.05
6814000,0.4213,0.175498,0.806131,0.280142,3.34727,0.004113,1.380554,35.65,3.65641,194.15,21.453039,0.001232,225.95
3050000,1.895418,0.489377,1.854232,0.427852,1.698455,0.033137,6.677636,12.0,1.6,110.8,12.10929,0.0,164.55
9510200,0.15151,0.123445,0.097795,0.255287,2.411722,0.0,0.533828,123.7,24.74,284.6,61.204301,0.17755,194.2
14216500,6.047002,0.826949,2.216918,0.632096,1.144233,0.860977,17.009552,2.35,1.740741,62.25,20.409836,0.0,153.85
5525500,0.976714,0.343117,1.460794,0.382011,1.93888,0.021114,4.053838,23.45,3.448529,128.35,22.321739,0.0,181.4
7145700,0.567355,0.225991,0.398745,0.163269,2.256618,0.006058,2.342485,37.65,2.929961,237.4,18.474708,0.0,224.15
1634500,0.990485,0.332469,1.492594,0.48244,2.881623,0.085266,3.3921,14.55,2.346774,106.55,12.389535,0.0,171.4
7261000,1.349054,0.359831,1.750467,0.397953,2.288746,0.000439,5.447323,31.3,3.458564,158.9,30.557692,0.034908,150.9
3238500,1.273979,0.391668,0.890576,0.206289,1.382752,0.001041,6.265988,43.5,2.202532,195.15,13.185811,0.042574,166.35
12082500,5.488329,0.777203,1.126988,0.694124,0.915336,1.782505,12.162976,1.25,1.5625,2.05,4.555556,0.0,177.0
1031500,2.030242,0.576289,1.494019,0.445091,1.648693,0.111345,8.010503,18.9,3.286957,94.8,14.697674,0.0,181.0
1435000,2.967315,0.687252,1.31836,0.540275,1.246484,0.383031,8.71041,6.15,1.413793,39.3,11.391304,0.0,165.3
2015700,1.35546,0.424175,1.437309,0.559092,1.623718,0.282881,3.977475,8.15,1.752688,11.9,7.0,0.0,171.05
2350900,0.950617,0.261459,1.668211,0.622683,1.911899,0.134774,2.813763,3.15,3.0,43.35,11.716216,0.0,162.3
11383500,1.479164,0.419275,1.207133,0.625815,1.546298,0.326343,4.895145,12.75,3.148148,10.0,25.0,0.0,155.9
3170000,1.074246,0.323361,1.441713,0.702219,1.146727,0.277096,2.468004,1.9,1.1875,6.85,5.956522,0.0,175.95
2464000,1.540819,0.360652,1.512624,0.390037,1.438725,0.020285,6.076926,24.65,2.240909,139.35,17.310559,0.0,145.45
11266500,1.949225,0.712535,1.696753,0.57604,1.349112,0.049925,8.898454,41.75,13.688525,152.6,57.584906,0.0,226.95
12451000,4.193447,0.936999,1.689379,0.660177,0.92675,0.645076,13.814639,4.0,2.857143,40.15,14.087719,0.0,239.15
9505800,0.213709,0.121011,0.112829,0.454507,1.87202,0.0557,0.726485,20.85,6.619048,0.0,0.0,0.0,164.5
11523200,2.652417,0.904514,2.22624,0.587634,1.323194,0.185279,9.953948,25.1,6.121951,139.5,34.444444,0.0,190.75
1583500,1.099419,0.337025,1.211525,0.730657,1.049054,0.298267,2.496025,1.6,1.032258,8.6,9.555556,0.0,170.7
3473000,1.453654,0.415811,1.648303,0.627685,1.594112,0.280567,3.927938,2.95,1.594595,22.05,7.112903,0.0,171.95
3070500,2.032041,0.549169,2.002723,0.463491,1.551285,0.070932,7.187744,9.7,1.469697,105.55,12.417647,0.0,156.4
5413500,0.687564,0.259327,0.837403,0.77314,0.82676,0.270931,1.551695,1.7,1.416667,0.0,0.0,0.0,199.1
2082950,0.830137,0.2544,1.589092,0.453919,1.891419,0.027606,2.929414,14.45,2.38843,106.95,15.5,0.0,173.35
1169000,2.236963,0.570484,1.494461,0.511888,1.081513,0.212155,7.446653,8.25,1.666667,65.2,9.381295,0.0,174.05
6911900,0.57826,0.216952,0.730603,0.203667,2.850267,0.0,1.786553,44.65,3.434615,213.7,22.978495,0.095825,208.9
8103900,0.330651,0.135238,0.808236,0.405871,2.803158,0.0,1.337082,111.9,21.728155,229.6,45.019608,0.385489,195.05
5131500,0.577358,0.289185,1.639404,0.515257,1.134472,0.046995,2.28834,19.45,7.203704,102.55,41.857143,0.0,216.55
7335700,2.116558,0.499744,1.652873,0.321584,1.952916,0.0,7.251233,24.25,2.487179,155.35,23.360902,0.097604,155.35
2128000,0.944218,0.291364,1.320702,0.402625,1.819386,0.022365,3.0864,15.1,1.581152,114.25,12.694444,0.000821,161.25
11468500,1.782064,0.497383,0.958272,0.389545,1.988214,0.029519,8.800194,58.2,10.034483,199.2,52.421053,0.0,135.25
1639500,1.140667,0.352794,1.386617,0.563521,1.703916,0.15567,3.596882,8.1,1.372881,39.0,9.75,0.0,160.7
9505350,0.23581,0.147837,0.0,0.237642,2.361158,0.0,1.236469,111.0,21.764706,304.6,55.381818,0.696099,188.85
2013000,0.977042,0.321789,1.536265,0.455219,1.601095,0.086394,3.444259,18.2,2.348387,112.95,18.072,0.0,168.55
9484600,0.011895,0.009415,0.343444,0.222636,1.610588,0.000332,0.033185,29.25,3.75,239.9,26.362637,0.000548,246.85
14222500,5.294574,0.718131,2.135714,0.559949,1.148879,0.362579,17.298027,4.55,1.82,103.0,26.753247,0.0,127.05
12056500,8.704758,1.244477,1.388733,0.57841,0.757071,0.982159,25.636023,4.0,1.538462,53.25,16.904762,0.0,135.55
8082700,0.070745,0.038718,0.0,0.042225,3.281876,0.0,0.084022,102.75,14.075342,326.8,45.706294,0.718686,241.5
2143000,1.403701,0.378918,1.218824,0.664091,1.959431,0.282293,3.410097,3.65,1.327273,16.8,7.304348,0.0,166.65
7315200,0.146243,0.065521,0.046489,0.077193,3.765731,0.0,0.252647,109.9,19.280702,312.75,45.0,0.416564,197.75
1550000,1.672919,0.49645,1.742603,0.495114,1.563757,0.091879,5.566786,8.75,1.944444,82.7,14.016949,0.0,155.6
5495000,0.742618,0.272044,0.835555,0.242143,2.721984,0.005952,3.709566,48.2,3.918699,202.1,19.066038,0.0,213.45
7148400,0.118953,0.062293,1.445172,0.536771,1.300259,0.0025,0.39999,13.75,2.75,82.35,14.972727,0.0,203.9
7060710,0.767293,0.207573,0.959603,0.326313,2.058199,0.04403,2.54393,29.0,3.240223,154.5,14.507042,0.0,172.85
1423000,1.840688,0.496978,1.806986,0.52281,1.479675,0.105299,5.748747,5.15,1.907407,78.65,18.08046,0.0,162.2
6447000,0.048286,0.036771,1.147092,0.32969,1.973241,0.000286,0.203727,33.3,3.679558,150.8,14.857143,0.025873,222.35
3186500,2.532769,0.611347,1.891194,0.459918,1.132981,0.070649,8.682642,7.6,1.394495,92.55,11.789809,0.0,159.35
6903400,0.71603,0.258339,0.565646,0.187265,2.953357,0.000356,3.994451,58.3,5.091703,237.9,23.671642,0.019576,227.7
2371500,1.153419,0.290535,1.834661,0.523493,1.486906,0.064344,4.049901,10.1,3.960784,102.15,20.029412,0.0,164.7
5585000,0.705482,0.254981,1.264477,0.369835,2.84276,0.017504,3.544483,36.05,4.651613,148.4,21.664234,0.0,202.05
11381500,2.213014,0.641353,1.478447,0.688655,1.102042,0.63043,5.933288,4.3,1.72,0.0,0.0,0.0,167.15
14236200,5.469977,0.978564,2.056171,0.569259,1.316391,0.474418,17.417932,4.6,1.916667,92.35,23.987013,0.0,128.55
2051500,0.820122,0.25707,1.50591,0.469506,1.270925,0.051373,2.774148,13.9,1.878378,90.9,15.15,0.0,164.35
7376000,1.451488,0.316407,0.697644,0.464992,2.723804,0.315392,6.307833,21.1,3.907407,9.6,14.769231,0.0,159.95
1181000,2.151425,0.563935,1.485966,0.491212,1.264259,0.150713,7.292503,9.05,1.560345,73.8,11.44186,0.0,168.0
1030500,1.820108,0.555859,1.87111,0.508441,1.377505,0.107149,6.854887,12.25,7.205882,89.25,19.402174,0.0,184.9
14185000,4.277257,0.748864,2.33672,0.552044,1.37566,0.22961,13.616412,6.05,1.833333,110.8,36.933333,0.0,138.05
1543000,1.647945,0.486117,1.734499,0.448967,1.937804,0.058954,5.96472,11.6,2.209524,96.6,12.150943,0.0,159.8
3463300,3.06005,0.670285,1.296073,0.589692,1.99552,0.458079,7.979291,3.9,1.278689,34.75,9.928571,0.0,177.15
6353000,0.042584,0.037512,0.500005,0.268676,2.720723,0.0,0.128639,53.15,13.805195,249.3,47.942308,0.119918,201.15
6354000,0.049806,0.043759,0.575861,0.304448,2.270632,0.000113,0.161594,45.5,11.097561,227.8,41.045045,0.014374,202.1
4221000,1.310888,0.41281,1.807673,0.500683,1.441827,0.087973,4.398675,9.3,1.917526,89.5,13.664122,0.0,161.6
1413500,1.95934,0.511237,1.790485,0.530017,1.212596,0.132684,5.999619,5.5,2.075472,70.0,17.283951,0.0,162.5
2479300,1.771995,0.383668,1.256562,0.507678,1.63732,0.307907,6.607165,12.55,3.217949,34.0,10.625,0.0,162.4
2177000,2.916051,0.542574,1.365888,0.733193,2.145687,0.692957,6.780949,0.75,1.153846,9.15,8.318182,0.0,173.15
2469800,1.272995,0.310789,1.474314,0.423853,2.636882,0.057882,4.785721,20.45,2.493902,122.5,13.101604,0.0,156.15
5414000,0.730649,0.269882,0.975316,0.746326,1.707348,0.257333,1.741945,2.6,2.0,0.9,4.5,0.0,202.15
6878000,0.283434,0.127113,0.707482,0.345768,3.505925,0.017961,0.869703,22.8,3.081081,141.3,20.042553,0.0,228.45
2231000,0.760263,0.204403,1.416711,0.435578,2.58476,0.032185,2.865862,31.15,8.774648,146.65,26.1875,0.0,191.9
12141300,7.49715,0.938218,1.502388,0.565111,0.992957,1.041978,20.169274,3.789883,1.469388,41.162343,13.482759,0.0,161.421053
14154500,2.510963,0.542897,2.347132,0.49969,1.46218,0.085011,9.118562,14.45,2.470085,136.75,29.728261,0.0,135.75
3340800,1.071951,0.343885,1.372998,0.389667,2.070688,0.020522,3.776065,19.65,2.101604,128.8,23.0,0.0,168.45
6360500,0.060728,0.051152,0.447048,0.287935,4.107077,0.0,0.251328,68.5,12.685185,249.75,44.20354,0.146886,214.7
2479560,1.768435,0.380309,1.594108,0.494979,1.792171,0.196826,6.389261,11.8,3.6875,73.55,11.143939,0.0,159.1
6191500,1.14464,0.528979,1.059837,0.673644,1.26121,0.23443,4.428916,18.0,9.0,12.75,4.322034,0.0,249.7
14185900,6.001348,0.908166,2.181747,0.509256,1.361834,0.255839,21.111426,9.6,1.828571,116.25,33.695652,0.0,133.2
3173000,1.015847,0.336056,1.840312,0.540795,2.911241,0.129713,3.321916,9.7,1.979592,86.35,16.292453,0.0,170.9
2027500,1.845304,0.50342,1.726429,0.571559,0.757294,0.126951,5.454907,4.5,1.836735,74.1,13.59633,0.0,162.4
2196000,0.573991,0.172657,1.109698,0.323146,3.364533,0.006427,2.223559,32.0,2.735043,169.15,17.348718,0.0,152.55
2315500,0.592681,0.161613,1.751109,0.571319,3.049391,0.008772,2.598778,27.75,26.428571,148.05,63.0,0.0,179.7
5487980,0.706748,0.26316,0.855627,0.247968,1.949696,0.006929,3.048761,44.9,3.78903,203.9,20.912821,0.0,230.15
9430500,0.090138,0.069833,0.821655,0.5823,2.193725,0.014257,0.305508,11.85,4.836735,31.9,12.037736,0.0,178.9
4027000,0.849859,0.350686,0.988986,0.508959,1.532043,0.154058,3.020743,14.05,4.014286,25.2,11.2,0.0,195.7
3281100,,,,0.385868,,,,,,,,,
1666500,1.218049,0.380532,1.498177,0.587109,1.833381,0.147909,3.261396,4.2,1.423729,44.95,11.986667,0.0,169.15
2051000,0.736388,0.232236,1.355639,0.401018,2.354635,0.020273,2.534086,16.8,1.548387,114.15,13.273256,0.000684,163.2
13337000,2.158771,0.601611,1.39544,0.615921,1.159294,0.291818,8.172826,19.1,7.346154,69.75,10.568182,0.0,226.1
14182500,5.907253,0.950058,2.231385,0.532583,1.176517,0.255873,18.678754,5.3,1.65625,106.75,40.283019,0.0,130.55
1054200,2.731742,0.671663,1.319645,0.43705,1.357808,0.256851,10.095605,16.05,1.888235,82.2,9.963636,0.0,183.45
6921200,0.834181,0.258048,1.304496,0.292007,2.949071,0.000756,2.591577,36.7,2.98374,183.95,19.994565,0.026694,180.5
5495500,0.739617,0.268668,0.730574,0.197627,3.068135,0.002053,3.323124,48.85,3.267559,213.25,17.197581,0.0,201.2
1568000,1.423347,0.42747,1.686249,0.517278,1.786343,0.123613,4.624041,10.05,1.778761,85.4,12.28777,0.0,161.75
14325000,4.072283,0.646657,2.246135,0.480769,1.127976,0.104916,15.891946,23.8,3.216216,153.35,47.921875,0.0,125.9
2108000,1.125542,0.295389,1.771086,0.500015,1.952892,0.045206,3.660167,8.65,5.766667,92.7,16.121739,0.0,175.45
6601000,0.356558,0.168585,1.293204,0.685294,2.578096,0.076082,0.787991,2.85,1.583333,17.5,10.9375,0.0,220.6
6921070,0.961355,0.296574,1.34197,0.353497,2.408415,0.024033,3.429237,27.5,2.736318,160.75,24.172932,0.0,185.3
5584500,0.737105,0.266062,1.388001,0.374413,2.716986,0.011687,3.1021,29.3,3.6625,147.85,22.922481,0.0,199.3
3180500,2.018277,0.533537,1.948141,0.473179,1.67443,0.070336,6.991026,8.5,1.827957,98.25,11.164773,0.0,163.55
2422500,1.249438,0.31251,1.304741,0.572971,1.654006,0.21333,3.700819,7.9,1.59596,29.2,10.245614,0.0,160.15
7375000,1.543044,0.33458,0.674412,0.465968,2.151829,0.343413,5.251282,15.85,2.577236,10.95,9.521739,0.0,163.2
8025500,1.084012,0.271291,0.964235,0.281556,2.218693,0.026189,5.156064,40.15,3.318182,186.85,18.140777,0.0,143.65
3346000,0.99725,0.318291,0.930783,0.231647,2.249075,0.003904,4.925044,41.65,3.00722,186.85,16.909502,0.0,174.4
6919500,0.791486,0.238616,1.086112,0.281591,2.441593,0.000526,3.289798,49.85,4.353712,196.0,28.201439,0.018617,193.9
6892000,0.631079,0.227417,0.763326,0.237709,1.629986,0.004254,2.776332,39.45,3.400862,198.05,18.337963,0.0,214.55
9513780,0.159238,0.134936,0.018364,0.154235,2.940683,0.0,0.330861,133.1,43.639344,302.2,71.952381,0.635592,176.2
13340600,2.442704,0.64716,1.471492,0.661433,1.142151,0.494622,8.095399,7.45,5.730769,16.5,4.782609,0.0,218.35
6847900,0.012181,0.007731,1.505601,0.452949,1.235877,0.0,0.022297,7.6,3.102041,130.6,25.861386,0.134018,204.65
6885500,0.440636,0.180177,0.554054,0.266185,3.292113,0.008057,1.594727,35.25,3.357143,206.2,18.576577,0.0,218.9
2112120,1.332592,0.374448,1.225705,0.698716,2.174859,0.334035,3.095893,2.5,1.136364,8.55,6.84,0.0,174.15
6784000,0.091203,0.052262,0.958777,0.728175,0.793129,0.027231,0.180859,1.75,2.5,7.95,10.6,0.0,188.6
2059500,0.860121,0.277493,1.278523,0.596608,1.188095,0.120965,2.388059,5.85,1.625,30.35,11.036364,0.0,173.15
1605500,1.009597,0.314547,1.503982,0.544435,1.90503,0.158235,3.185796,8.85,2.391892,56.25,10.135135,0.0,173.6
6889500,0.569976,0.217562,0.799297,0.268284,2.056477,0.013727,1.766183,28.45,2.722488,178.9,18.162437,0.0,211.9
14305500,6.605015,0.990253,1.940681,0.520848,1.140323,0.343979,24.301668,12.4,2.317757,115.35,34.954545,0.0,119.65
8066200,0.924777,0.242421,0.53502,0.176464,2.894528,0.010079,3.363605,41.95,2.74183,228.15,16.010526,0.003285,135.1
3479000,1.815486,0.456929,1.334649,0.592287,1.662995,0.332302,4.631463,4.0,1.454545,23.25,8.017241,0.0,168.2
14306500,3.837112,0.610331,2.015189,0.54552,1.485432,0.214071,14.956433,16.5,3.027523,125.8,38.707692,0.0,126.05
7180500,0.656216,0.251656,0.984174,0.319152,2.128693,0.014208,1.935877,20.85,1.985714,153.45,28.95283,0.009172,215.65
5399500,0.687339,0.301202,0.673795,0.262647,2.666206,0.017406,2.971721,44.75,5.02809,198.9,21.977901,0.0,199.05
8029500,1.148784,0.27328,0.987213,0.480583,1.987847,0.220148,3.654453,13.3,1.913669,21.45,7.944444,0.0,148.55
2018000,1.113803,0.364492,1.749329,0.509782,1.331112,0.114817,3.926737,13.2,2.275862,101.65,20.128713,0.0,170.05
1047000,2.18287,0.656868,1.415939,0.473465,1.510238,0.196458,8.095148,14.95,2.577586,71.55,12.776786,0.0,184.8
14316700,2.925937,0.643997,2.231023,0.508616,1.552484,0.141493,10.653569,16.15,2.543307,136.4,33.679012,0.0,135.5
2092500,1.004959,0.265666,1.648259,0.406554,2.375526,0.017492,3.64051,19.0,5.507246,121.3,19.885246,0.0,178.9
6918460,0.995544,0.308267,1.655841,0.520716,2.774287,0.078959,3.123784,11.2,2.8,101.35,31.671875,0.0,192.95
12186000,6.772528,1.043322,1.593525,0.611301,0.99846,1.307902,17.733436,2.0,1.538462,21.45,8.411765,0.0,186.85
2016000,1.155713,0.367498,1.501722,0.497769,1.795241,0.161801,3.84636,12.3,1.952381,74.85,15.27551,0.0,170.3
14137000,4.727427,0.749967,1.73369,0.659921,0.994494,1.04142,12.047091,1.65,1.5,7.2,4.8,0.0,151.7
3161000,1.950071,0.481832,1.202796,0.726973,1.350789,0.634981,4.19458,1.35,1.421053,0.85,3.4,0.0,175.5
2111180,1.727488,0.46492,1.338403,0.636781,1.708972,0.334969,4.391814,3.9,1.444444,18.95,8.422222,0.0,176.75
6889200,0.569653,0.219975,0.816668,0.272526,2.285874,0.007613,1.754713,29.25,2.799043,179.2,17.148325,0.005476,208.35
7301500,0.047053,0.027234,1.556188,0.538402,2.019104,0.0,0.127142,7.15,2.6,96.4,24.717949,0.051882,190.05
12020000,4.936729,0.658297,1.766076,0.469716,1.65853,0.207887,18.610006,19.3,2.838235,131.65,32.109756,0.0,113.7
12414500,2.073839,0.566246,1.704091,0.631105,1.341921,0.311419,7.085011,11.45,5.452381,71.9,11.061538,0.0,211.75
3498500,1.804276,0.416642,1.527419,0.573669,1.559591,0.249307,4.986132,4.95,1.571429,44.35,9.747253,0.0,163.45
3366500,1.359347,0.375957,1.220471,0.286183,1.613293,0.007451,6.045007,31.8,2.09901,161.35,13.790598,0.0,167.5
11478500,3.407381,0.748608,1.763833,0.431323,1.287576,0.026929,14.532927,54.05,6.177143,181.6,49.081081,0.0,132.55
8079600,0.021945,0.01599,0.010088,0.040181,1.980962,0.0,0.052453,160.7,14.477477,315.25,23.526119,0.560027,241.05
6452000,0.065768,0.047585,1.223833,0.429283,2.869282,0.003794,0.275857,25.0,4.62963,117.6,21.381818,0.001232,213.4
7362100,1.063061,0.279172,1.218265,0.334657,3.002743,0.007369,4.715911,53.4,7.265306,183.35,21.074713,0.008761,165.5
7226500,0.004553,0.004238,0.0,0.073812,-0.636293,0.0,0.010733,75.55,8.536723,314.35,35.925714,0.793155,276.65
2064000,0.929232,0.300188,1.324246,0.564004,2.122633,0.125826,2.595451,7.4,1.37037,31.85,11.375,0.0,168.45
2472500,1.302227,0.305963,0.799994,0.539492,1.617114,0.337591,4.057288,10.45,2.271739,0.45,3.0,0.0,159.5
5501000,0.749525,0.265752,0.82533,0.233713,1.923725,0.006893,3.25033,40.95,3.5,195.65,21.266304,0.0,201.5
1548500,1.435444,0.455213,1.728199,0.494163,1.107208,0.08485,5.012412,8.9,2.507042,88.7,16.425926,0.0,162.2
3285000,1.413336,0.399979,1.562838,0.335458,1.645613,0.006843,5.504007,26.3,2.146939,150.0,14.150943,0.0,153.7
2027000,1.642225,0.473552,1.668782,0.570089,1.773015,0.121938,5.090893,5.5,1.833333,75.25,14.61165,0.0,160.85
1539000,1.778496,0.519508,1.686977,0.518897,1.406484,0.128991,5.501291,6.35,1.924242,67.55,14.072917,0.0,154.25
8104900,0.387835,0.153882,1.355787,0.415141,3.195971,0.001071,1.262491,52.75,8.115385,193.0,34.159292,0.006845,193.35
7291000,1.314144,0.307535,0.765082,0.375507,1.689006,0.209284,3.923301,19.85,1.872642,75.05,8.292818,0.0,155.15
7151500,0.375065,0.161932,0.956009,0.43253,2.155438,0.023201,1.145911,15.1,2.141844,70.9,13.377358,0.0,209.4
7071500,0.96131,0.287919,1.261387,0.758627,2.050913,0.309483,2.11561,2.05,1.863636,0.0,0.0,0.0,183.4
2028500,1.427767,0.429217,1.734755,0.560856,1.728753,0.073761,4.533317,7.0,1.794872,83.45,16.048077,0.0,164.1
7340300,1.915203,0.436978,1.19275,0.336093,2.120247,0.116792,7.156151,25.0,2.262443,139.45,14.835106,0.0,150.55
2363000,1.084462,0.273827,1.978191,0.494045,1.73357,0.037858,3.516984,11.7,3.9,111.55,17.991935,0.0,163.0
11482500,3.124262,0.682157,2.012639,0.501222,1.193649,0.031688,12.981802,33.15,4.702128,160.25,46.449275,0.0,136.85
8086290,0.102354,0.050715,0.02767,0.064274,2.572077,0.0,0.172901,97.7,10.79558,314.65,37.236686,0.318823,227.8
8202700,0.05745,0.025805,0.0,0.006858,2.22558,0.0,0.0,12.65,7.90625,356.8,209.882353,0.965366,242.285714
5412500,0.833438,0.31002,1.201222,0.602931,2.061482,0.145848,2.707701,8.5,3.541667,26.05,11.085106,0.0,215.25
1350000,2.107518,0.544607,1.631092,0.454634,1.564264,0.09187,7.189819,11.35,1.891667,95.65,16.211864,0.0,160.2
12167000,6.824028,1.015301,1.53968,0.586395,1.171381,0.837292,18.062616,3.75,1.442308,57.2,12.301075,0.0,133.3
8013000,1.475475,0.341542,1.254542,0.349477,2.239138,0.04917,6.524504,61.25,10.652174,184.7,24.626667,0.0,140.8
7184000,0.977276,0.300203,0.42027,0.137372,3.01682,0.0,4.885105,63.4,4.26936,254.9,19.992157,0.089391,206.15
2472000,1.326192,0.318919,1.185525,0.406862,2.691424,0.11045,5.53521,30.2,4.081081,125.3,15.761006,0.0,152.95
2374500,1.484329,0.33585,1.187841,0.641124,1.386435,0.356788,4.016881,2.5,1.612903,10.65,8.875,0.0,161.3
8150800,0.095536,0.045376,0.695964,0.323645,2.97226,0.000439,0.227315,25.4,6.047619,186.15,18.160976,0.014648,178.7
1632000,0.946655,0.322976,1.527816,0.391341,1.673041,0.01711,3.480571,23.95,3.050955,140.2,23.563025,0.0,173.7
7315700,0.35823,0.143166,0.443475,0.158217,2.745917,0.0,1.603342,64.4,6.133333,255.6,26.625,0.079535,205.5
8164300,0.455269,0.15974,0.44986,0.166922,2.944333,0.000682,1.106942,35.65,3.300926,241.55,27.605714,0.01191,159.2
6917000,0.867473,0.287241,0.900655,0.218726,2.300956,0.000256,3.412132,46.15,3.995671,206.2,26.435897,0.016975,209.55
1667500,1.158654,0.361179,1.570911,0.563942,1.985145,0.117298,3.393555,5.75,1.474359,59.45,11.656863,0.0,168.0
7197000,1.15014,0.31735,1.40331,0.456229,1.888282,0.090788,3.843343,15.5,2.605042,106.2,25.590361,0.0,171.8
12035000,6.754326,0.966568,1.843431,0.563503,1.213167,0.75949,22.784708,10.25,2.113402,90.55,31.77193,0.0,115.45
6888500,0.601944,0.228182,1.111244,0.368948,2.309151,0.028173,1.776951,24.1,3.050633,160.95,27.512821,0.0,219.75
3281500,1.420856,0.373787,1.704949,0.409674,1.94982,0.017302,5.204007,18.85,2.312883,126.45,14.789474,0.001506,158.75
1543500,1.630548,0.478317,1.796691,0.482957,2.050314,0.061912,5.679408,8.45,2.139241,89.8,15.754386,0.0,163.75
12041200,9.585256,1.231197,1.061481,0.621795,0.526822,2.424938,25.517805,3.55,1.365385,7.8,6.0,0.0,129.25
14301000,3.618247,0.621776,2.063758,0.516547,1.513209,0.12629,14.172553,19.35,4.206522,131.4,41.0625,0.0,119.35
1552000,1.71925,0.494464,1.670861,0.510549,1.214325,0.110471,5.458544,6.35,1.716216,67.15,13.29703,0.0,150.15
6441500,0.060235,0.045998,0.329122,0.260108,1.967872,0.0,0.276692,109.8,18.14876,263.95,40.607692,0.263792,222.85
7295000,1.571257,0.358673,0.809024,0.330516,2.052077,0.157309,5.872872,23.8,1.74359,116.35,8.781132,0.0,157.6
1644000,1.003884,0.329396,1.813696,0.513835,2.709999,0.019079,3.4456,11.35,2.026786,104.9,15.540741,0.0,170.65
1532000,1.347748,0.42182,1.569027,0.436232,1.676305,0.038867,4.637514,14.35,2.157895,101.2,13.675676,0.0,150.8
3574500,1.9655,0.458075,1.682521,0.388051,2.225401,0.036076,8.008942,24.75,2.79661,146.1,18.851613,0.0,140.0
3237500,1.189695,0.368723,1.354171,0.301729,1.610598,0.006097,5.072594,35.8,2.182927,164.4,15.293023,0.0,159.4
1144000,1.858755,0.543359,1.519482,0.562749,1.729026,0.237792,5.983057,5.8,1.8125,42.0,10.120482,0.0,181.5
8189500,0.213182,0.089784,0.307714,0.173429,2.284205,0.000636,0.503037,33.0,5.546218,259.4,38.147059,0.002327,174.35
1664000,1.115833,0.354342,1.745361,0.565655,1.624126,0.059751,3.289334,5.9,1.573333,70.65,13.330189,0.0,170.0
3213700,1.132436,0.325842,1.849265,0.560448,1.875424,0.120056,3.56939,7.25,1.907895,75.35,13.825688,0.0,176.4
3182500,1.672218,0.470738,1.909879,0.451749,1.358596,0.06847,6.004548,12.6,1.8,110.85,14.585526,0.0,161.8
5489000,0.686013,0.255886,0.925729,0.260211,2.463918,0.007354,2.683027,41.2,3.5671,199.4,20.556701,0.0,220.75
8200000,0.508669,0.212508,1.11751,0.423545,2.040537,0.000687,1.541939,28.7,7.863014,172.2,50.647059,0.03833,170.0
8194200,0.072299,0.051745,0.00084,0.042775,1.523429,0.0,0.119865,132.95,19.408759,323.0,49.692308,0.636003,287.75
7290650,1.210778,0.29143,0.928239,0.307446,1.950953,0.07099,4.937396,33.1,2.536398,162.4,12.444444,0.0,161.3
7167500,0.838547,0.29773,0.697082,0.212084,2.483385,0.002143,2.72352,47.95,4.300448,215.85,31.977778,0.015195,213.65
14400000,7.568103,1.362132,2.017435,0.485781,1.386228,0.250706,31.226804,26.45,3.526667,148.45,46.390625,0.0,123.9
11528700,1.585692,0.427862,1.794366,0.551096,1.886824,0.04201,6.274348,36.65,8.329545,161.15,53.716667,0.0,147.0
7066000,1.168395,0.355359,1.168483,0.589871,1.320219,0.306548,3.29771,7.7,1.790698,0.0,0.0,0.0,175.45
8070000,0.800016,0.219557,0.76027,0.289556,3.007153,0.046543,3.636149,37.6,4.224719,176.05,19.453039,0.0,135.5
8175000,0.253653,0.104976,0.226152,0.139487,2.650292,0.001635,0.999515,52.9,6.297619,282.05,32.41954,0.005613,199.6
13340000,1.453187,0.49367,1.648287,0.63565,1.288079,0.207469,5.161002,12.55,6.972222,59.45,11.89,0.0,223.8
3069500,2.448186,0.601,1.797236,0.47443,1.577289,0.134395,8.245507,6.45,1.535714,80.2,10.552632,0.0,165.75
8101000,0.274406,0.114504,0.743673,0.317707,3.429262,0.0,0.912867,60.15,7.966887,223.65,31.95,0.076797,197.65
7014500,0.857726,0.261162,1.25513,0.533759,2.81855,0.164144,2.416355,9.1,2.246914,23.85,9.352941,0.0,184.0
3604000,1.691097,0.388741,1.150908,0.567561,1.449056,0.387066,4.39657,6.6,1.783784,6.9,7.263158,0.0,160.15
8014500,1.423096,0.3182,1.117656,0.492428,2.118819,0.238068,4.832603,14.35,4.555556,38.1,14.941176,0.0,144.6
8165300,0.201994,0.090626,0.841839,0.706219,1.680411,0.07295,0.336692,1.85,1.608696,0.35,3.5,0.0,166.25
2361000,1.214117,0.306747,1.521789,0.567095,1.518807,0.141718,3.471547,5.35,2.547619,55.3,12.712644,0.0,164.35
12358500,2.338707,0.70223,1.396725,0.613435,1.14828,0.332959,9.239617,21.65,7.596491,73.6,23.0,0.0,237.45
12189500,5.780442,0.979747,1.417159,0.66226,0.873356,1.556044,13.846152,1.2,1.333333,3.4,5.666667,0.0,186.95
8198500,0.165648,0.073511,0.179214,0.285878,2.19618,0.001254,0.519606,42.55,19.340909,306.45,117.865385,0.003149,197.8
11522500,2.176661,0.694192,2.497305,0.649929,1.476079,0.166453,6.635438,5.3,2.585366,110.85,31.671429,0.0,167.95
8196000,0.273015,0.130893,1.05473,0.492736,1.603089,0.011972,0.844008,17.15,6.125,103.8,28.054054,0.0,186.55
5514500,0.764763,0.259399,0.748999,0.206736,2.817189,0.003882,3.270353,47.95,3.318339,209.2,18.678571,0.0,196.25
3164000,1.545479,0.413173,1.380941,0.690427,2.056072,0.445941,3.736887,1.65,1.375,2.75,6.875,0.0,174.5
8164000,0.608925,0.207612,0.473715,0.189173,3.17579,0.003571,2.232327,39.1,3.91,234.0,26.590909,0.001095,182.85
11473900,1.842949,0.504426,2.091859,0.491465,1.637187,0.007499,7.353669,53.2,7.093333,180.0,53.731343,0.0,144.8
1606500,1.210237,0.359817,1.704381,0.518891,2.073786,0.113284,4.197325,11.0,2.417582,90.35,15.313559,0.0,171.85
7068000,1.333882,0.391847,1.045035,0.718142,1.777904,0.542805,3.108711,2.2,1.692308,0.0,0.0,0.0,180.6
7057500,1.258117,0.385775,1.185492,0.699977,1.796488,0.466993,3.137927,2.55,1.5,0.0,0.0,0.0,182.85
12040500,9.688438,1.188093,1.406474,0.515538,1.019349,1.06098,31.816682,9.0,1.747573,63.9,14.522727,0.0,117.1
7067000,1.20719,0.350642,1.256807,0.679048,1.291561,0.387041,3.104202,3.05,1.794118,0.0,0.0,0.0,178.9
8195000,0.363266,0.164257,0.972524,0.629209,1.279702,0.059482,1.034981,6.85,3.425,30.5,16.944444,0.0,191.65
7292500,1.326588,0.311733,0.977611,0.449696,2.912389,0.252554,4.342985,15.05,1.781065,24.85,7.888889,0.0,158.95
7056000,1.281213,0.354183,1.670913,0.404147,2.233435,0.031872,4.507593,24.0,3.380282,152.8,32.860215,0.0,167.8
8171300,0.42618,0.166452,1.248967,0.476776,2.716171,0.0,1.473258,33.85,9.955882,163.7,49.606061,0.170705,176.75
6934000,0.931778,0.286173,1.460428,0.521237,2.864719,0.154818,3.049006,13.3,3.643836,50.45,14.838235,0.0,181.4
8086212,0.089601,0.046955,0.151931,0.124926,3.03846,0.0,0.169504,83.55,13.261905,294.8,46.0625,0.2705,219.15
11532500,5.391817,0.965472,2.06119,0.527081,1.385017,0.358158,19.845983,16.8,2.645669,133.9,45.389831,0.0,132.1
8190000,0.264092,0.137735,0.987566,0.587385,1.532476,0.036173,0.711983,8.15,3.97561,39.6,24.75,0.0,175.15
8190500,0.050058,0.027401,0.114493,0.143707,1.934032,0.0,0.095193,63.5,32.564103,303.05,163.810811,0.080356,159.7
1195100,1.622354,0.44056,2.124782,0.517895,1.183609,0.041216,4.945907,6.25,1.54321,102.1,12.08284,0.001643,155.25
1350080,1.534578,0.439352,1.901596,0.492301,1.33866,0.070036,5.071742,9.05,1.967391,106.7,19.577982,0.0,169.55
1350140,1.499653,0.428298,1.841468,0.459147,1.179227,0.033545,5.143623,11.1,2.074766,107.2,13.234568,0.0,166.45
1411300,1.188186,0.374179,1.337293,0.72423,1.050374,0.339288,3.022748,0.95,1.9,3.9,4.875,0.0,175.15
1434025,2.81644,0.634762,1.356883,0.493758,0.73885,0.244658,9.080074,8.3,1.418803,51.65,9.932692,0.0,163.85
1518862,1.198378,0.39529,1.745605,0.429466,1.643721,0.034516,4.286292,16.25,2.321429,120.15,13.890173,0.0,163.65
1586610,1.163195,0.351986,1.490414,0.661738,1.225913,0.235571,3.028773,3.5,1.129032,18.1,9.282051,0.0,168.5
1591400,1.067366,0.32492,1.293035,0.63594,1.276612,0.186319,2.484253,5.0,1.190476,23.95,11.975,0.0,168.45
1594950,1.803768,0.460016,2.236437,0.468281,1.696369,0.019988,6.396276,8.55,1.727273,116.85,15.27451,0.009172,163.55
1638480,0.996602,0.328432,1.699459,0.488001,2.206751,0.025309,3.298659,12.9,2.080645,112.6,14.435897,0.0,168.25
1669520,1.133552,0.346317,2.004155,0.598059,1.744023,0.021344,3.122275,3.25,2.708333,75.25,19.802632,0.004107,176.25
2011400,0.992886,0.301921,1.703202,0.541783,1.994208,0.126013,3.227137,9.4,2.088889,73.75,13.053097,0.0,171.45
2011460,1.458133,0.428325,1.788711,0.446487,1.6315,0.057902,5.070299,13.8,1.957447,111.2,16.474074,0.0,164.35
2056900,1.016617,0.319757,1.492246,0.633373,1.666752,0.164139,2.624584,4.3,1.409836,26.55,8.045455,0.0,174.05
2096846,0.748603,0.223717,1.290454,0.319098,1.523588,0.0,2.625349,29.95,2.178182,162.75,16.778351,0.055989,161.0
2137727,1.753112,0.440334,1.296129,0.680549,2.333934,0.415756,4.231802,2.8,1.302326,10.25,8.541667,0.0,176.45
2140991,1.709404,0.458561,1.312789,0.654308,1.833823,0.412457,3.911784,2.9,1.487179,9.55,7.64,0.0,175.05
2193340,0.717462,0.219135,1.058395,0.400189,2.485087,0.016706,2.116078,16.2,1.6875,107.65,13.540881,0.003149,164.7
2198100,0.806628,0.243017,0.913453,0.437351,1.987706,0.092335,3.010128,29.8,3.568862,125.25,13.395722,0.0,154.4
2202600,0.717314,0.214677,1.412013,0.377938,3.373185,0.001533,3.484631,47.55,9.057143,180.55,27.992248,0.000684,165.45
2215100,0.881183,0.262695,1.501381,0.48435,2.216872,0.036208,3.283135,18.65,3.188034,119.9,18.030075,0.0,155.85
2216180,0.874905,0.256638,1.574542,0.367343,3.020924,0.0,4.036253,96.55,9.902564,204.35,30.5,0.32115,159.6
2221525,0.762009,0.226848,1.387643,0.529551,1.254089,0.040876,2.534309,11.75,2.196262,74.15,20.315068,0.0,161.0
2231342,1.143163,0.302145,1.610304,0.391853,2.01807,0.0,5.022103,33.9,6.108108,152.7,23.136364,0.091444,236.3
2297155,0.792041,0.199601,1.150056,0.392088,2.317879,0.000784,3.371883,52.1,6.722581,183.0,25.774648,0.033128,256.15
2298123,1.042803,0.283028,1.433352,0.503475,3.151086,0.038917,4.751511,38.35,12.57377,136.5,23.534483,0.0,260.85
2298608,1.351725,0.346924,1.299453,0.39534,2.427895,0.021149,5.599066,40.95,7.951456,156.3,25.209677,0.008761,269.1
2342933,0.998638,0.261793,1.202782,0.339009,1.871527,0.01265,3.373424,25.0,2.145923,153.75,14.504717,0.0,165.55
2372250,1.222512,0.306924,1.668065,0.507875,1.573454,0.070499,4.144493,9.2,3.538462,91.85,14.934959,0.0,159.7
2384540,2.080848,0.422265,1.583885,0.479563,2.330033,0.111052,6.84629,9.6,1.586777,84.1,9.666667,0.0,155.35
2395120,1.287327,0.342948,1.165397,0.565289,2.180214,0.238804,3.640304,7.75,1.519608,22.8,4.75,0.0,161.25
2408540,1.405807,0.345785,1.530167,0.552621,2.313917,0.115443,4.338091,7.7,1.604167,65.15,11.954128,0.0,161.4
2427250,1.220716,0.301902,1.10631,0.384895,1.820971,0.090582,4.818947,23.0,2.433862,116.7,13.11236,0.0,153.7
2430085,1.699083,0.401421,1.484606,0.477175,0.833942,0.18096,5.489112,11.6,1.459119,77.75,12.34127,0.0,150.8
2430615,1.684233,0.397111,1.303252,0.5613,0.871308,0.213042,4.260842,6.45,1.433333,38.8,10.210526,0.0,156.6
2464146,1.512073,0.363503,1.363698,0.508776,1.706025,0.201046,4.948825,11.0,1.496599,49.35,8.508621,0.0,156.15
2464360,1.453659,0.354719,1.201082,0.519637,0.817874,0.230467,4.773967,9.55,1.591667,34.7,8.567901,0.0,149.6
2465493,1.159783,0.286827,1.149447,0.629209,1.059069,0.351941,3.020826,3.3,1.736842,1.4,4.0,0.0,156.1
2481510,1.705698,0.369133,1.302884,0.425394,1.854562,0.140562,6.288627,17.2,2.248366,90.3,10.623529,0.0,164.35
3010655,1.496955,0.455751,1.927018,0.49394,1.504911,0.081732,4.969306,8.5,2.65625,93.2,14.912,0.0,159.05
3021350,2.291054,0.6216,1.552721,0.407555,1.44849,0.092894,9.06071,17.05,1.823529,104.9,11.527473,0.0,141.4
3300400,1.366465,0.395171,1.398965,0.288199,2.097366,0.001197,6.520849,33.05,2.248299,161.2,17.240642,0.003149,157.4
3338780,1.16591,0.39984,1.507974,0.395333,3.061302,0.035378,4.492959,20.15,2.704698,127.6,23.62963,0.0,182.95
3592718,1.505406,0.352112,1.323285,0.44152,1.39546,0.149738,4.85736,12.05,1.525316,79.75,9.906832,0.0,150.25
4015330,0.96681,0.43165,0.991233,0.337148,1.924143,0.033806,4.741569,38.55,4.535294,153.6,20.756757,0.010815,202.0
4024430,0.803006,0.359584,1.294473,0.464913,1.301335,0.103132,3.156727,21.25,3.72807,83.3,17.913978,0.0,204.2
4115265,0.825588,0.330594,1.031334,0.757702,0.550163,0.357612,1.711428,0.25,1.25,0.2,1.333333,0.0,176.4
4127918,0.885658,0.337654,1.221402,0.592684,1.546156,0.249883,2.930768,7.65,3.122449,0.0,0.0,0.0,189.1
4161580,0.640158,0.258277,1.638778,0.615977,0.011894,0.098913,1.826087,1.45,2.416667,38.0,7.037037,0.0,173.85
4197170,0.85534,0.315298,0.710097,0.224128,2.064182,0.028266,3.797961,40.55,2.599359,189.05,17.668224,0.0,165.6
4213075,1.468619,0.450833,1.429959,0.468619,1.471762,0.153305,5.040156,12.6,1.392265,67.2,7.148936,0.0,145.85
4216418,1.477927,0.468583,1.659621,0.489052,1.217453,0.124527,5.093141,10.95,1.586957,85.2,8.968421,0.0,157.3
4224775,1.129647,0.387613,1.698497,0.506242,0.022873,0.105529,3.693502,11.25,1.90678,79.15,10.993056,0.0,164.4
5129115,0.63789,0.323291,1.649712,0.703045,2.196741,0.074718,1.930204,0.3,3.0,32.9,31.333333,0.0,217.1
5488200,0.728126,0.273374,0.917308,0.250112,2.030607,0.003029,2.828797,46.2,3.898734,204.65,24.363095,0.002738,217.65
5503800,0.765752,0.25994,0.420255,0.117701,2.347613,0.0,3.435607,65.9,4.321311,259.05,17.865517,0.110472,202.95
5507600,0.708253,0.242511,0.345532,0.103658,2.825228,0.0,2.608449,62.1,3.942857,267.1,17.176849,0.086242,203.65
5508805,0.687444,0.239322,0.782111,0.203593,2.127368,0.002052,2.649089,40.2,3.045455,207.8,19.885167,0.005749,199.3
5591550,0.892293,0.307702,1.511314,0.356128,2.281449,0.0,3.661853,27.5,3.235294,155.9,27.113043,0.126489,175.75
5592050,0.786826,0.277746,1.260684,0.308206,2.921469,0.002214,3.1001,35.65,3.547264,179.2,25.239437,0.004517,184.0
5592575,0.865628,0.29015,0.599717,0.178759,1.854912,0.0,3.672517,62.1,3.718563,233.9,16.075601,0.17796,174.4
5595730,0.872785,0.281482,0.534583,0.141607,1.896899,0.0,3.997024,64.8,3.681818,243.65,15.180685,0.131006,168.45
6154410,0.259667,0.201156,0.683662,0.64428,1.612837,0.073229,0.732288,9.15,6.777778,0.1,2.0,0.0,234.0
6408700,0.635111,0.345527,0.954071,0.977555,1.086196,0.388159,1.117426,0.0,0.0,0.0,0.0,0.0,187.75
6440200,0.0723,0.054939,0.091614,0.09813,3.039039,0.0,0.21406,118.4,12.333333,294.95,27.310185,0.395072,221.05
6468250,0.076583,0.058028,0.567249,0.372291,2.794338,0.0,0.395815,71.25,30.319149,238.3,66.194444,0.132375,218.2
6470800,0.055263,0.03548,0.685094,0.365345,4.613983,0.0,0.242113,88.5,26.41791,232.65,69.447761,0.065572,222.65
6479215,0.214106,0.118502,0.940352,0.351773,3.240033,0.000837,0.893318,71.95,14.39,210.05,47.202247,0.012731,214.15
6479438,0.142132,0.080548,1.041141,0.417965,2.675737,0.000668,0.577775,45.65,13.626866,191.75,54.785714,0.009719,212.45
6614800,1.812588,0.621257,0.893148,0.504923,1.555708,0.157844,9.106361,55.6,25.272727,174.5,85.121951,0.0,260.9
6746095,3.114038,1.130328,1.070017,0.502216,1.607572,0.167687,16.493768,56.05,32.028571,182.1,110.363636,0.0,259.9
6803530,0.271151,0.126554,0.617902,0.415912,2.199877,0.041862,0.630304,12.65,1.916667,41.35,8.27,0.0,222.45
6879650,0.476243,0.181513,0.860738,0.326265,2.451304,0.0,1.679231,172.8,90.947368,232.35,82.982143,0.526899,224.5
6906800,0.917229,0.287499,0.708449,0.194642,2.485836,0.008993,3.074756,43.05,3.075,213.45,19.672811,0.0,198.3
6910800,0.577236,0.216381,0.805984,0.217499,2.528404,5.5e-05,1.990938,47.3,3.925311,208.2,23.133333,0.049144,214.5
7263295,1.364766,0.34585,1.346332,0.296225,1.729302,0.0,5.590763,50.8,4.215768,187.15,22.279762,0.137851,144.5
7359610,1.90126,0.444163,1.219183,0.41695,1.592022,0.235914,5.930746,14.65,1.83125,83.25,12.242647,0.0,149.25
7362587,1.710621,0.406027,1.124348,0.251294,1.693741,0.0,6.311933,55.8,3.915789,196.15,20.756614,0.115537,141.95
8023080,1.085593,0.269822,0.469582,0.174085,2.684104,0.0,6.045693,66.15,4.973684,249.3,21.964758,0.143326,148.25
8050800,0.502318,0.178168,0.345695,0.12122,4.060505,0.0,1.207168,153.5,17.953216,264.9,24.081818,0.464203,190.75
8070200,0.786443,0.213898,0.867082,0.327146,3.008954,0.046984,3.58565,38.85,5.111842,164.15,19.19883,0.0,139.4
8155200,0.449328,0.179407,1.083972,0.452291,2.822616,0.0,1.860634,99.05,24.45679,216.85,57.826667,0.090075,183.9
8158700,0.424298,0.165515,1.221829,0.475453,2.557014,0.0,1.741335,88.9,25.042254,211.0,81.153846,0.132375,172.578947
8158810,0.495642,0.197549,1.101036,0.44008,2.959466,0.0,2.000974,82.8,25.090909,211.9,56.506667,0.217659,193.4
8164600,0.623875,0.201082,0.224642,0.116282,3.390446,0.0,1.878868,60.75,7.408537,281.55,30.93956,0.073101,191.25
8176900,0.23777,0.095408,0.429248,0.180428,2.693435,0.0,0.559405,40.35,6.067669,245.1,50.020408,0.059548,205.55
8178880,0.484204,0.195574,0.954064,0.511344,1.674789,0.018984,1.418046,15.65,6.019231,107.35,33.546875,0.00219,172.8
9035800,0.933304,0.380012,0.796445,0.605352,1.302726,0.191972,4.266043,30.3,20.896552,17.55,10.96875,0.0,253.65
9107000,0.816738,0.426483,0.958052,0.666322,1.580869,0.221329,3.172389,14.35,10.62963,0.9,3.0,0.0,244.2
9306242,0.033436,0.02636,0.990889,0.686515,2.374104,0.004178,0.113392,16.2,21.6,44.65,18.604167,0.0,198.1
9378170,0.16909,0.104164,0.320333,0.491069,2.978004,0.001117,0.826697,61.15,21.45614,254.55,39.773438,0.040794,212.55
9386900,0.058412,0.048118,0.089218,0.21877,3.739721,0.0,0.224893,59.15,8.45,303.65,41.882759,0.163587,185.3
9447800,0.03619,0.033745,0.471574,0.354763,1.475638,0.004693,0.040674,8.7,3.0,77.7,33.06383,0.0,169.5
9508300,0.371955,0.241993,0.122165,0.180176,2.941331,0.0,1.262749,72.4,15.73913,287.5,59.278351,0.260233,155.2
9512280,0.09387,0.079421,0.209262,0.178043,2.408878,0.0,0.152984,171.65,38.573034,289.15,51.176991,0.530048,153.0
10166430,0.114466,0.083874,1.329164,0.613173,2.901188,0.003487,0.592729,36.4,24.266667,152.15,57.415094,0.000137,234.35
10336645,1.958226,0.579424,1.274881,0.499949,1.437053,0.083633,9.736372,66.25,16.358025,191.5,62.786885,0.0,215.55
10336740,0.242687,0.131197,1.819708,0.671766,1.949868,0.013249,1.015726,19.7,11.939394,107.5,30.28169,0.029021,197.55
10348850,1.431772,0.570909,0.964199,0.71988,1.290308,0.447388,4.576144,2.9,3.866667,4.2,12.0,0.0,215.5
11148900,0.996148,0.435278,0.534969,0.302934,2.126523,0.0,4.396498,103.5,30.895522,245.45,90.907407,0.347844,137.6
11180960,0.470449,0.286983,0.533676,0.339357,2.602751,0.0,2.274373,108.35,20.836538,244.55,44.87156,0.31499,139.25
11299600,0.632187,0.30564,0.377085,0.258388,2.582804,0.0,2.425597,103.5,20.909091,264.1,53.353535,0.406708,136.8
11451100,1.814664,0.612758,1.022107,0.396907,1.87124,0.000473,8.199948,70.75,15.215054,212.4,65.353846,0.043121,135.35
11480390,2.291624,0.57305,1.322885,0.408522,1.91262,0.0,10.468036,73.75,13.053097,200.5,56.478873,0.17358,134.9
12043000,7.824882,0.944511,1.773052,0.502142,0.862695,0.486137,27.064049,10.55,1.788136,99.9,22.2,0.0,112.25
12143600,6.518953,0.855121,1.695476,0.578421,1.122146,0.904437,18.088735,3.45,1.682927,50.85,17.237288,0.0,161.35
12374250,0.394047,0.175634,1.037235,0.642851,1.645097,0.086707,1.445113,18.8,12.129032,10.65,5.756757,0.0,219.25
12375900,2.411443,0.702116,0.857479,0.666905,0.904282,0.682361,8.783851,10.45,4.354167,0.1,2.0,0.0,247.55
12377150,3.678375,0.909917,1.252658,0.64085,0.61356,0.608223,13.913093,16.85,4.2125,55.65,13.740741,0.0,256.5
12381400,0.961071,0.320633,1.073187,0.618881,0.323903,0.129663,4.048722,24.1,17.214286,60.9,11.072727,0.0,242.45
12383500,1.420221,0.458899,1.211257,0.787897,0.318664,0.539991,3.87686,0.05,1.0,0.1,1.0,0.0,248.8
12388400,0.738336,0.311471,0.759206,0.601078,0.986386,0.15281,2.975782,23.4,10.4,14.25,5.7,0.0,235.55
13310700,1.404035,0.46075,1.019277,0.621746,1.588798,0.26957,5.59214,24.65,10.061224,22.65,5.329412,0.0,231.25
14092750,3.271137,0.712452,1.261767,0.708062,1.085771,1.021535,8.044586,1.55,1.823529,0.0,0.0,0.0,190.45
14096850,0.539087,0.211599,0.954484,0.739991,1.496423,0.215517,1.495558,4.1,2.5625,0.35,7.0,0.0,163.6
14138870,6.038186,0.718656,1.926695,0.530503,0.895484,0.453716,19.719189,6.0,1.764706,87.7,21.654321,0.0,130.5
14139800,6.803137,0.857853,1.927851,0.541765,0.932655,0.661237,21.207662,4.55,1.784314,83.0,19.761905,0.0,131.55
14303200,5.357591,0.800309,2.00875,0.538192,1.318645,0.364254,18.212721,10.75,2.75641,109.5,33.181818,0.0,121.6
14306340,4.161376,0.641211,2.044051,0.478172,0.983996,0.117927,17.439948,26.9,3.659864,143.5,37.272727,0.0,123.2
14308990,1.255903,0.343557,1.724235,0.551513,2.157336,0.094795,4.313883,20.35,3.803738,132.1,26.959184,0.0,141.2
14362250,0.332015,0.119358,1.18604,0.518408,2.694495,0.0,1.358552,33.55,9.867647,148.05,32.538462,0.088296,138